,BA_spead,last_traded_price,Smart_price,Liquidity_imb,market_cost,remained_shares,remained_time,reward,order_type,is_buy,premium,obj_price,base_price,executed,done
5350,0.0,0.17309,0.17309000000000002,-0.01,0.0031156199999998646,6.0,4.0,2.3999999552965163,Type.LIMIT_BUY,True,0.009999999776482582,173.07000000022353,173.08,2,False
5351,0.010000000000019327,0.173074,0.17307725,-0.083,0.002116959999999949,4.0,3.0,0.0,Type.LIMIT_BUY,True,0.09000000357627869,172.98999999642373,173.08,0,False
5352,0.009999999999990905,0.17306,0.1730668,-0.078,0.002116839999999911,4.0,2.0,8.799999821186066,Type.LIMIT_BUY,True,0.019999999552965164,173.05000000044703,173.07,4,True
5353,0.009999999999990905,0.17306,0.1730668,0.078,0.0005091799999999865,1.0,5.0,0.0,Type.LIMIT_SELL,False,0.10999999940395355,173.15999999940396,173.05,0,False
5354,0.009999999999990905,0.17306,0.17305527777777777,0.09,0.0005091499999999769,1.0,4.0,0.0,Type.LIMIT_SELL,False,0.07000000029802322,173.12000000029803,173.05,0,False
5355,0.009999999999990905,0.17305,0.17305487179487178,0.093,0.0005091499999999769,1.0,3.0,0.0,Type.LIMIT_SELL,False,0.09000000357627869,173.1400000035763,173.05,0,False
5356,0.009999999999990905,0.17305,0.17305520833333332,0.09,0.0005091499999999769,1.0,2.0,0.0,Type.LIMIT_SELL,False,0.05000000074505806,173.12000000074505,173.07,0,False
5357,0.010000000000019327,0.17307,0.17307291666666666,0.078,0.0005092099999999675,1.0,1.0,0.0,Type.LIMIT_SELL,False,0.05000000074505806,173.12000000074505,173.07,0,False
5358,0.010000000000019327,0.17307,0.1730726086956522,0.079,0.0005092099999999675,1.0,0.0,-0.3,Type.MARKET_SELL,False,0.03999999910593033,173.10999999910592,173.07,1,True
5359,0.010000000000019327,0.17307,0.17307199999999998,-0.083,0.0005292399999999873,1.0,5.0,0.0,Type.LIMIT_BUY,True,0.09000000357627869,172.98999999642373,173.08,0,False
5360,0.009999999999990905,0.17309,0.17308830769230774,-0.012,0.0005292699999999684,1.0,4.0,0.0,Type.LIMIT_BUY,True,0.07999999821186066,173.01000000178814,173.09,0,False
5361,0.020000000000010232,0.17308,0.17307666666666668,-0.04,0.0005392699999999878,1.0,3.0,0.0,Type.LIMIT_BUY,True,0.09000000357627869,172.99999999642372,173.09,0,False
5362,0.020000000000010232,0.17307,0.1730795238095238,-0.035,0.0005392699999999878,1.0,2.0,0.0,Type.LIMIT_BUY,True,0.09000000357627869,172.99999999642372,173.09,0,False
5363,0.010000000000019327,0.17308,0.17307653846153845,-0.021,0.0005292399999999873,1.0,1.0,0.0,Type.LIMIT_BUY,True,0.07000000029802322,173.009999999702,173.08,0,False
5364,0.009999999999990905,0.17307,0.1730686046511628,-0.007,0.0005292099999999778,1.0,0.0,-0.3,Type.MARKET_BUY,True,0.019999999552965164,173.05000000044703,173.07,1,True
5365,0.009999999999990905,0.17307,0.1730686046511628,0.007,0.001018359999999973,2.0,5.0,0.0,Type.LIMIT_SELL,False,0.10000000149011612,173.16000000149012,173.06,0,False
5366,0.009999999999990905,0.17307,0.17306807017543857,0.003,0.001018359999999973,2.0,4.0,0.0,Type.LIMIT_SELL,False,0.10000000149011612,173.16000000149012,173.06,0,False
5367,0.009999999999990905,0.17307,0.17306793103448273,0.004,0.001018359999999973,2.0,3.0,0.0,Type.LIMIT_SELL,False,0.10000000149011612,173.16000000149012,173.06,0,False
5368,0.009999999999990905,0.17307,0.17308676470588238,-0.043,0.001018479999999954,2.0,2.0,0.0,Type.LIMIT_SELL,False,0.07999999821186066,173.15999999821187,173.08,0,False
5369,0.01999999999998181,0.17308,0.173096,-0.058,0.0009984799999999722,2.0,1.0,0.0,Type.LIMIT_SELL,False,0.07000000029802322,173.15000000029804,173.08,0,False
5370,0.009999999999990905,0.17308,0.1730894805194805,-0.096,0.001018479999999954,2.0,0.0,-0.6,Type.MARKET_SELL,False,0.029999999329447746,173.10999999932946,173.08,2,True
5371,0.009999999999990905,0.17308,0.17308892857142857,0.093,0.0010585399999999369,2.0,5.0,0.0,Type.LIMIT_BUY,True,0.09000000357627869,172.99999999642372,173.09,0,False
5372,0.009999999999990905,0.17309,0.1730881904761905,0.09,0.0010585399999999369,2.0,4.0,0.0,Type.LIMIT_BUY,True,0.09000000357627869,173.00999999642372,173.1,0,False
5373,0.009999999999990905,0.17309,0.17308979797979795,0.122,0.0010585399999999369,2.0,3.0,0.0,Type.LIMIT_BUY,True,0.09000000357627869,172.99999999642372,173.09,0,False
5374,0.009999999999990905,0.17309,0.17308979797979795,0.122,0.0010585399999999369,2.0,2.0,0.0,Type.LIMIT_BUY,True,0.09000000357627869,173.00999999642372,173.1,0,False
5375,0.009999999999990905,0.17309,0.17309555555555556,0.083,0.0010585999999999558,2.0,1.0,0.0,Type.LIMIT_BUY,True,0.05999999865889549,173.0400000013411,173.1,0,False
5376,0.01999999999998181,0.17308400000000002,0.17309696969696972,0.096,0.0010785999999999376,2.0,0.0,-0.6,Type.MARKET_BUY,True,0.009999999776482582,173.0900000002235,173.1,2,True
5377,0.01999999999998181,0.17308400000000002,0.17309696969696972,-0.096,0.0014977199999999585,3.0,5.0,0.0,Type.LIMIT_SELL,False,0.07999999821186066,173.15999999821187,173.08,0,False
5378,0.01999999999998181,0.1731,0.17309720588235294,-0.102,0.0014977199999999585,3.0,4.0,0.0,Type.LIMIT_SELL,False,0.05000000074505806,173.1333333340784,173.08333333333334,0,False
5379,0.01999999999998181,0.17309,0.17309720588235294,-0.102,0.0014977199999999585,3.0,3.0,0.0,Type.LIMIT_SELL,False,0.05000000074505806,173.14000000074506,173.09,0,False
5380,0.01999999999998181,0.17309,0.17309708029197082,-0.101,0.0014977199999999585,3.0,2.0,0.0,Type.LIMIT_SELL,False,0.03999999910593033,173.11999999910594,173.08,0,False
5381,0.01999999999998181,0.17309,0.17309716312056736,-0.105,0.0014977199999999585,3.0,1.0,0.0,Type.LIMIT_SELL,False,0.029999999329447746,173.10999999932946,173.08,0,False
5382,0.01999999999998181,0.173098,0.17309737931034483,-0.111,0.0014977199999999585,3.0,0.0,-0.8999999999999999,Type.MARKET_SELL,False,0.009999999776482582,173.0899999997765,173.08,3,True
5383,0.01999999999998181,0.173098,0.17309737931034483,0.111,0.0016178999999999063,3.0,5.0,0.0,Type.LIMIT_BUY,True,0.07999999821186066,173.01000000178814,173.09,0,False
5384,0.009999999999990905,0.17308,0.17308977099236642,0.151,0.001587809999999905,3.0,4.0,0.0,Type.LIMIT_BUY,True,0.029999999329447746,173.06000000067056,173.09,0,False
5385,0.009999999999990905,0.17308,0.17308976923076924,0.15,0.001587809999999905,3.0,3.0,0.0,Type.LIMIT_BUY,True,0.07000000029802322,173.01999999970198,173.09,0,False
5386,0.009999999999990905,0.17309,0.1730971186440678,0.142,0.0015878999999999336,3.0,2.0,0.0,Type.LIMIT_BUY,True,0.029999999329447746,173.07000000067055,173.1,0,False
5387,0.01999999999998181,0.17308099999999998,0.17309726027397257,0.11,0.0016178999999999063,3.0,1.0,0.0,Type.LIMIT_BUY,True,0.019999999552965164,173.08000000044703,173.1,0,False
5388,0.01999999999998181,0.17308,0.17309724137931035,0.109,0.0016178999999999063,3.0,0.0,-0.8999999999999999,Type.MARKET_BUY,True,0.009999999776482582,173.0900000002235,173.1,3,True
5389,0.01999999999998181,0.1731,0.17309773049645388,-0.113,0.0019969599999999444,4.0,5.0,0.0,Type.LIMIT_SELL,False,0.03999999910593033,173.11999999910594,173.08,0,False
5390,0.009999999999990905,0.17309,0.1730894482758621,-0.158,0.002036959999999908,4.0,4.0,0.0,Type.LIMIT_SELL,False,0.07999999821186066,173.15999999821187,173.08,0,False
5391,0.009999999999990905,0.17308199999999999,0.17308965986394556,-0.166,0.002036959999999908,4.0,3.0,0.0,Type.LIMIT_SELL,False,0.029999999329447746,173.10999999932946,173.08,0,False
5392,0.009999999999990905,0.17309,0.17308965986394556,-0.166,0.002036959999999908,4.0,2.0,6.599999865889549,Type.LIMIT_SELL,False,0.019999999552965164,173.09999999955298,173.08,3,False
5393,0.010000000000019327,0.17308,0.17307987179487183,-0.091,0.0005092099999999675,1.0,1.0,0.0,Type.LIMIT_SELL,False,0.05000000074505806,173.12000000074505,173.07,0,False
5394,0.010000000000019327,0.17308,0.1730799090909091,-0.11,0.0005092099999999675,1.0,0.0,-0.3,Type.MARKET_SELL,False,0.07000000029802322,173.14000000029802,173.07,1,True
5395,0.010000000000019327,0.17308,0.1730799090909091,0.11,0.00214696000000005,4.0,5.0,0.0,Type.LIMIT_BUY,True,0.07000000029802322,173.009999999702,173.08,0,False
5396,0.010000000000019327,0.17307,0.17307981981981982,0.109,0.0021369600000000592,4.0,4.0,0.0,Type.LIMIT_BUY,True,0.10000000149011612,172.9899999985099,173.09,0,False
5397,0.009999999999990905,0.17308,0.17308276595744682,0.082,0.0021170799999998737,4.0,3.0,0.0,Type.LIMIT_BUY,True,0.03999999910593033,173.05000000089407,173.09,0,False
5398,0.009999999999990905,0.173088,0.17308276595744682,0.082,0.0021170799999998737,4.0,2.0,0.0,Type.LIMIT_BUY,True,0.029999999329447746,173.06000000067056,173.09,0,False
5399,0.009999999999990905,0.17308,0.1730878947368421,0.054,0.0021170799999998737,4.0,1.0,0.0,Type.LIMIT_BUY,True,0.009999999776482582,173.08000000022352,173.09,0,False
