act_dir,rew,total_pnl,pnl,inv_pnl,buy_frac,sell_frac,curr_q,mp,sp,inv,bp,bid_vol,ask_vol,filled
-1,0.14987500000000015,-0.024999999999977263,0.0,0.049999999999954525,0.0,1.0,0.8,99.98,0.0,-10.0,99999900012.0,226.0,17.01,True
-1,-0.0005000000000002558,-0.10000000000005116,0.0,-0.20000000000010232,0.0,1.0,0.8,99.99000000000001,0.01999999999999602,-20.0,99999800032.0,250.0,12.01,True
1,-0.24666666666669318,-16.0000000000053,-16.0000000000053,-0.0,0.3333333333333333,0.6666666666666666,0.4666666666666667,99.99000000000001,0.01999999999999602,-10.0,99999900000.0,550.0,12.01,True
-1,0.0414166666666662,-0.050000000000096634,0.0,0.10000000000019327,0.25,0.75,0.55,99.985,0.009999999999990905,-20.0,99999800020.0,800.0,17.01,True
1,-0.11499999999997801,-7.999999999995598,-7.999999999995598,-0.0,0.4,0.6,0.4,99.985,0.009999999999990905,-10.0,99999899994.0,855.0,17.01,True
1,-0.089999999999978,-7.999999999995602,-7.999999999995602,-0.0,0.5,0.5,0.30000000000000004,99.98,0.0,0.0,99999999968.0,944.0,432.01,True
0,0.0,0.0,0.0,-0.0,0.42857142857142855,0.42857142857142855,0.30000000000000004,99.975,0.010000000000005116,0.0,99999999968.0,813.0,432.01,True
-1,0.03125,0.0,0.0,-0.0,0.375,0.5,0.36250000000000004,99.975,0.010000000000005116,-10.0,99999899998.0,900.0,432.01,True
1,-0.0812500000000255,-10.000000000005098,-10.000000000005098,0.0,0.4444444444444444,0.4444444444444444,0.30000000000000004,99.98,0.0,0.0,99999999958.0,1195.0,432.01,True
-1,0.024999999999999994,0.0,0.0,-0.0,0.4,0.5,0.35000000000000003,99.98,0.0,-10.0,99999899978.0,1190.0,432.01,True
-1,0.020454545454545447,0.0,0.0,-0.0,0.36363636363636365,0.5454545454545454,0.39090909090909093,99.98,0.0,-20.0,99999799998.0,1173.0,432.01,True
0,-0.00403787878787853,-0.049999999999954525,0.0,-0.09999999999990905,0.3333333333333333,0.5,0.3833333333333334,99.985,-0.009999999999990905,-20.0,99999799998.0,1645.0,432.01,True
1,-0.022435897435897467,0.0,0.0,-0.0,0.38461538461538464,0.46153846153846156,0.3384615384615385,99.985,0.009999999999990905,-10.0,99999899978.0,847.0,12.01,True
-1,0.01648351648351648,0.0,0.0,-0.0,0.35714285714285715,0.5,0.37142857142857144,99.985,0.009999999999990905,-20.0,99999799998.0,847.0,12.01,True
0,-0.002630952380952145,-0.049999999999954525,0.0,0.09999999999990905,0.3333333333333333,0.4666666666666667,0.3666666666666667,99.98,0.0,-20.0,99999799998.0,852.0,252.01,True
-1,0.013541666666666674,0.0,0.0,-0.0,0.3125,0.5,0.39375000000000004,99.98,0.009999999999990905,-30.0,99999700018.0,932.0,12.01,True
0,-0.0031323529411761476,-0.07499999999993179,0.0,-0.14999999999986358,0.29411764705882354,0.47058823529411764,0.38823529411764707,99.985,0.009999999999990905,-30.0,99999700018.0,968.0,12.01,True
1,-0.06633986928100022,-9.999999999990898,-9.999999999990898,-0.0,0.3333333333333333,0.4444444444444444,0.3555555555555556,99.985,0.009999999999990905,-20.0,99999799988.0,609.0,12.01,True
0,-0.0017119883040933536,-0.049999999999954525,0.0,0.09999999999990905,0.3157894736842105,0.42105263157894735,0.35263157894736846,99.98,0.0,-20.0,99999799988.0,641.0,233.01,True
-1,0.011184210526315769,0.0,0.0,-0.0,0.3,0.45,0.375,99.98,0.0,-30.0,99999700008.0,731.0,233.01,True
0,-0.0017857142857142794,0.0,0.0,-0.0,0.2857142857142857,0.42857142857142855,0.37142857142857144,99.98,0.0,-30.0,99999700008.0,714.0,233.01,True
-1,0.009740259740259771,0.0,0.0,-0.0,0.2727272727272727,0.45454545454545453,0.390909090909091,99.98,0.0,-40.0,99999600028.0,895.0,233.01,True
0,-0.0019762845849802813,0.0,0.0,-0.0,0.2608695652173913,0.43478260869565216,0.3869565217391304,99.98,0.010000000000005116,-40.0,99999600028.0,787.0,279.01,True
1,-0.012603260869565914,-0.07500000000014495,0.0,0.1500000000002899,0.2916666666666667,0.4166666666666667,0.36250000000000004,99.975,0.010000000000005116,-30.0,99999700008.0,794.0,279.01,True
0,-0.001625000000000726,-0.07500000000014495,0.0,-0.1500000000002899,0.28,0.4,0.36000000000000004,99.98,0.0,-30.0,99999700008.0,1011.0,279.01,True
-1,0.008461538461538493,0.0,0.0,-0.0,0.2692307692307692,0.4230769230769231,0.376923076923077,99.98,0.0,-30.0,99999700008.0,1011.0,279.01,False
0,-0.0014245014245014564,0.0,0.0,-0.0,0.25925925925925924,0.4074074074074074,0.3740740740740741,99.98,0.0,-30.0,99999700008.0,1011.0,279.01,True
1,-0.010626322751323459,-0.07500000000014495,0.0,0.1500000000002899,0.2857142857142857,0.39285714285714285,0.35357142857142865,99.975,0.010000000000005116,-30.0,99999700008.0,779.0,279.01,False
-1,0.007697044334975367,0.0,0.0,-0.0,0.27586206896551724,0.41379310344827586,0.3689655172413794,99.975,0.010000000000005116,-39.0,99999610035.0,779.0,279.01,False
1,-0.00998275862068922,-0.09999999999990905,0.0,-0.1999999999998181,0.3,0.4,0.35000000000000003,99.97999999999999,0.01999999999999602,-40.0,99999600038.0,759.0,12.01,False
1,-0.008870967741935493,0.0,0.0,-0.0,0.3225806451612903,0.3870967741935484,0.33225806451612905,99.97999999999999,0.01999999999999602,-40.0,99999600038.0,759.0,12.01,False
0,-0.03219153225803686,-6.337499999994471,-6.2499999999943014,-0.17500000000033822,0.3125,0.375,0.33125000000000004,99.985,0.009999999999990905,-35.0,99999600025.5,1022.0,12.01,True
-1,-0.024147727272698802,-6.2499999999943014,-6.2499999999943014,-0.0,0.30303030303030304,0.3939393939393939,0.34545454545454546,99.985,0.009999999999990905,-40.0,99999600023.0,603.0,12.01,False
-1,-0.11206550802128237,-23.7499999999784,-23.7499999999784,-0.0,0.29411764705882354,0.4117647058823529,0.3588235294117647,99.985,0.009999999999990905,-30.0,99999699975.48,306.0,58.01,False
-1,0.006302521008403367,0.0,0.0,-0.0,0.2857142857142857,0.42857142857142855,0.37142857142857144,99.985,0.009999999999990905,-50.0,99999500015.48,218.0,58.01,True
-1,0.005202380952381641,-0.14999999999986358,0.0,0.29999999999972715,0.2777777777777778,0.4444444444444444,0.38333333333333336,99.98,0.0,-60.0,99999400035.48,331.0,120.01,True
-1,0.004755630630631452,-0.17499999999984084,0.0,-0.3499999999996817,0.2702702702702703,0.4594594594594595,0.39459459459459467,99.985,0.009999999999990905,-70.0,99999300055.48,433.0,58.01,True
1,-0.06050218451531502,-10.535714285708806,-10.535714285708806,-0.0,0.2894736842105263,0.4473684210526316,0.3789473684210527,99.985,0.009999999999990905,-60.0,99999400024.4,408.0,58.01,True
0,-0.0017621457489871819,-0.14999999999986358,0.0,0.29999999999972715,0.28205128205128205,0.4358974358974359,0.37692307692307697,99.98,0.0,-60.0,99999400024.4,378.0,220.01,True
1,-0.010515109890126833,-0.660714285717674,-0.5357142857177877,-0.24999999999977263,0.3,0.425,0.36250000000000004,99.985,0.009999999999990905,-50.0,99999500003.32,463.0,58.01,True
-1,0.005335365853658514,0.0,0.0,-0.0,0.2926829268292683,0.43902439024390244,0.37317073170731707,99.985,0.009999999999990905,-60.0,99999400023.32,443.0,58.01,True
0,-0.0008710801393728151,0.0,0.0,-0.0,0.2857142857142857,0.42857142857142855,0.37142857142857144,99.985,0.009999999999990905,-60.0,99999400023.32,482.0,58.01,True
-1,0.004983388704318942,0.0,0.0,-0.0,0.27906976744186046,0.4418604651162791,0.3813953488372093,99.985,0.009999999999990905,-70.0,99999300043.32,467.0,58.01,True
0,-0.0009249471458773473,0.0,0.0,-0.0,0.2727272727272727,0.4318181818181818,0.37954545454545463,99.985,0.009999999999990905,-70.0,99999300043.32,502.0,58.01,True
-1,0.00467171717171716,0.0,0.0,-0.0,0.26666666666666666,0.4444444444444444,0.38888888888888895,99.985,0.0,-80.0,99999200063.32,789.0,58.01,True
-1,0.003343599033817435,-0.22499999999979536,0.0,-0.4499999999995907,0.2608695652173913,0.45652173913043476,0.3978260869565218,99.99,0.0,-90.0,99999100073.32,906.0,58.01,True
-1,0.004278445883441284,0.0,0.0,-0.0,0.2553191489361702,0.46808510638297873,0.40638297872340434,99.99,0.0,-100.0,99999000083.32,896.0,58.01,True
-1,0.004100177304964536,0.0,0.0,-0.0,0.25,0.4791666666666667,0.4145833333333334,99.99,0.0,-110.0,99998900093.32,898.0,123.01,True
1,-0.045102427334594804,-7.766233766238685,-7.516233766238912,0.49999999999954525,0.2653061224489796,0.46938775510204084,0.40204081632653066,99.985,0.009999999999990905,-100.0,99999000068.28,631.0,123.01,True
0,-0.0010204081632653184,0.0,0.0,-0.0,0.26,0.46,0.4,99.985,0.009999999999990905,-100.0,99999000068.28,608.0,102.01,True
-1,0.003921568627450994,0.0,0.0,-0.0,0.2549019607843137,0.47058823529411764,0.407843137254902,99.985,0.009999999999990905,-110.0,99998900088.28,412.0,102.01,True
1,-0.0458047990334117,-7.992030696576762,-7.74203069657699,-0.49999999999954525,0.2692307692307692,0.46153846153846156,0.39615384615384625,99.99,0.0,-100.0,99999000062.8,592.0,102.01,True
0,-0.0009071117561683661,0.0,0.0,-0.0,0.2641509433962264,0.4528301886792453,0.3943396226415095,99.99,0.0,-100.0,99999000062.8,567.0,102.01,True
0,-0.0021235150244608703,-0.25000000000048317,0.0,-0.5000000000009663,0.25925925925925924,0.4444444444444444,0.3925925925925926,99.995,0.010000000000005116,-100.0,99999000062.8,557.0,17.01,True
-1,0.0023287037037049594,-0.2749999999997499,0.0,0.5499999999994998,0.2545454545454545,0.45454545454545453,0.4,99.99000000000001,0.01999999999999602,-110.0,99998900072.8,464.0,12.01,True
-1,0.0020714285714256873,-0.3000000000005798,0.0,0.6000000000011596,0.25,0.4642857142857143,0.4071428571428572,99.985,0.009999999999990905,-120.0,99998800092.8,748.0,77.01,True
-1,0.001821115288222036,-0.3249999999997044,0.0,-0.6499999999994088,0.24561403508771928,0.47368421052631576,0.4140350877192983,99.99,0.0,-130.0,99998700102.8,802.0,77.01,True
1,-0.04041660091538333,-7.024638997353733,-6.724638997354006,0.5999999999994543,0.25862068965517243,0.46551724137931033,0.403448275862069,99.985,0.009999999999990905,-120.0,99998800079.34,838.0,77.01,True
-1,0.003360607831677409,0.0,0.0,-0.0,0.2542372881355932,0.4745762711864407,0.4101694915254238,99.985,0.009999999999990905,-130.0,99998700099.34,823.0,77.01,True
0,-0.0009180790960452156,0.0,0.0,-0.0,0.25,0.4666666666666667,0.4083333333333334,99.985,0.009999999999990905,-130.0,99998700099.34,828.0,77.01,True
-1,0.0014603825136627723,-0.3499999999996817,0.0,-0.6999999999993634,0.2459016393442623,0.47540983606557374,0.41475409836065574,99.99,0.0,-140.0,99998600109.34,966.0,77.01,True
-1,0.003106821787414088,0.0,0.0,-0.0,0.24193548387096775,0.4838709677419355,0.4209677419354839,99.99,0.0,-150.0,99998500119.34,1046.0,77.01,True
0,-0.0009600614439324306,0.0,0.0,-0.0,0.23809523809523808,0.47619047619047616,0.41904761904761906,99.99,0.0,-150.0,99998500119.34,798.0,12.01,True
0,-0.0028050595238131304,-0.37500000000072475,0.0,-0.7500000000014495,0.234375,0.46875,0.41718750000000004,99.995,0.010000000000005116,-150.0,99998500119.34,841.0,12.01,True
-1,0.0009447115384576764,-0.40000000000077307,0.0,0.8000000000015461,0.23076923076923078,0.47692307692307695,0.42307692307692313,99.99,0.0,-160.0,99998400129.34,908.0,12.01,True
-1,0.0028554778554778504,0.0,0.0,-0.0,0.22727272727272727,0.48484848484848486,0.42878787878787883,99.99,0.0,-170.0,99998300139.34,924.0,12.01,True
-1,0.0005202397105338705,-0.4500000000008697,0.0,-0.9000000000017394,0.22388059701492538,0.4925373134328358,0.43432835820895527,99.995,0.010000000000005116,-180.0,99998200149.34,909.0,12.01,True
1,-0.07985742020681764,-15.038648220468005,-15.038648220468005,-0.0,0.23529411764705882,0.4852941176470588,0.42500000000000004,99.995,0.010000000000005116,-170.0,99998300119.26,899.0,12.01,True
1,-0.07972222660958632,-15.03864822046799,-15.03864822046799,-0.0,0.2463768115942029,0.4782608695652174,0.4159420289855073,99.995,0.010000000000005116,-160.0,99998400089.18,869.0,12.01,True
-1,-0.001506728778470085,-0.8500000000004349,0.0,1.7000000000008697,0.24285714285714285,0.4857142857142857,0.4214285714285715,99.985,0.009999999999990905,-170.0,99998300099.18,866.0,72.01,True
-1,0.00041599597585716954,-0.4499999999995907,0.0,-0.8999999999991815,0.23943661971830985,0.49295774647887325,0.42676056338028173,99.99,0.0,-180.0,99998200119.18,957.0,72.01,True
-1,0.00021694053207677597,-0.475000000000918,0.0,-0.950000000001836,0.2361111111111111,0.5,0.43194444444444446,99.995,0.010000000000005116,-190.0,99998100129.18,631.0,12.01,True
-1,2.0928462711566898e-05,-0.49999999999954525,0.0,0.9999999999990905,0.2328767123287671,0.5068493150684932,0.43698630136986305,99.99000000000001,0.01999999999999602,-200.0,99998000139.18,524.0,12.01,True
-1,0.00245279526101444,0.0,0.0,-0.0,0.22972972972972974,0.5135135135135135,0.44189189189189193,99.99000000000001,0.01999999999999602,-210.0,99997900159.18,538.0,12.01,True
1,-0.07823603440490431,-14.79135102512501,-14.79135102512501,-0.0,0.24,0.5066666666666667,0.4333333333333334,99.99000000000001,0.01999999999999602,-200.0,99998000129.6,618.0,12.01,True
-1,0.0024122807017543935,0.0,0.0,-0.0,0.23684210526315788,0.5131578947368421,0.4381578947368422,99.99000000000001,0.01999999999999602,-210.0,99997900149.6,739.0,112.01,True
0,-0.000897129186610357,-1.4921397450962104e-12,0.0,2.9842794901924208e-12,0.23376623376623376,0.5064935064935064,0.4363636363636364,99.99,0.0,-210.0,99997900149.6,903.0,272.01,True
-1,-0.0004189976689951912,-0.5499999999994998,0.0,1.0999999999989996,0.23076923076923078,0.5128205128205128,0.441025641025641,99.985,0.009999999999990905,-220.0,99997800159.6,372.0,212.01,True
0,-0.003642567348261011,-0.5499999999994998,0.0,-1.0999999999989996,0.22784810126582278,0.5063291139240507,0.439240506329114,99.99,0.0,-220.0,99997800159.6,627.0,212.01,True
-1,0.0022547468354430222,0.0,0.0,-0.0,0.225,0.5125,0.44375000000000003,99.99,0.0,-230.0,99997700169.6,640.0,212.01,True
-1,0.0021990740740740755,0.0,0.0,-0.0,0.2222222222222222,0.5185185185185185,0.4481481481481482,99.99,0.0,-240.0,99997600179.6,653.0,212.01,True
-1,0.0021454381210478934,0.0,0.0,-0.0,0.21951219512195122,0.524390243902439,0.45243902439024397,99.99,0.0,-250.0,99997500189.6,797.0,212.01,True
-1,0.0020937408169262317,0.0,0.0,-0.0,0.21686746987951808,0.5301204819277109,0.45662650602409643,99.99,0.0,-260.0,99997400199.6,767.0,212.01,True
-1,-0.0013311101549022763,-0.6749999999993861,0.0,1.3499999999987722,0.21428571428571427,0.5357142857142857,0.46071428571428574,99.985,0.009999999999990905,-270.0,99997300209.6,490.0,212.01,True
-1,-0.0015042016806690929,-0.6999999999993634,0.0,-1.3999999999987267,0.21176470588235294,0.5411764705882353,0.4647058823529412,99.99,0.0,-280.0,99997200229.6,809.0,212.01,True
0,-0.0009575923392612928,0.0,0.0,-0.0,0.20930232558139536,0.5348837209302325,0.4627906976744186,99.99,0.0,-280.0,99997200229.6,757.0,212.01,True
1,-0.024492538458937545,-4.1366793036559955,-4.1366793036559955,-0.0,0.21839080459770116,0.5287356321839081,0.45517241379310347,99.99,0.0,-270.0,99997300211.32,737.0,212.01,True
0,-0.0008816614420062707,0.0,0.0,-0.0,0.2159090909090909,0.5227272727272727,0.45340909090909093,99.99,0.0,-270.0,99997300211.32,917.0,241.01,True
0,-0.0008618488253319401,0.0,0.0,-0.0,0.21348314606741572,0.5168539325842697,0.45168539325842705,99.99,0.0,-270.0,99997300211.32,962.0,316.01,True
-1,0.0019350811485642772,0.0,0.0,-0.0,0.2111111111111111,0.5222222222222223,0.4555555555555556,99.99,0.0,-280.0,99997200221.32,757.0,116.01,True
-1,0.0018925518925518858,0.0,0.0,-0.0,0.2087912087912088,0.5274725274725275,0.4593406593406594,99.99,0.0,-290.0,99997100238.32,448.0,116.01,True
0,-0.0008659818442427192,0.0,0.0,-0.0,0.20652173913043478,0.5217391304347826,0.45760869565217394,99.99,0.0,-290.0,99997100238.32,457.0,116.01,True
0,-0.0008473585787751314,0.0,0.0,-0.0,0.20430107526881722,0.5161290322580645,0.4559139784946237,99.99,0.0,-290.0,99997100238.32,458.0,116.01,True
-1,0.0018302447952413814,0.0,0.0,-0.0,0.20212765957446807,0.5212765957446809,0.45957446808510644,99.99,0.0,-300.0,99997000248.32,443.0,116.01,True
1,-0.023253168101983898,-3.9563447066229855,-3.9563447066229855,-0.0,0.21052631578947367,0.5157894736842106,0.4526315789473685,99.99,0.0,-290.0,99997100230.4,481.0,116.01,True
-1,0.0018092105263157743,0.0,0.0,-0.0,0.20833333333333334,0.5208333333333334,0.45625000000000004,99.99,0.0,-300.0,99997000240.4,553.0,116.01,True
0,-0.004555412371141265,-0.7500000000014495,0.0,-1.500000000002899,0.20618556701030927,0.5154639175257731,0.454639175257732,99.995,0.010000000000005116,-300.0,99997000240.4,533.0,12.01,True
0,-0.0007889753839680214,0.0,0.0,-0.0,0.20408163265306123,0.5102040816326531,0.45306122448979597,99.995,0.010000000000005116,-300.0,99997000240.4,547.0,12.01,True
1,-0.07242062176131983,-13.824466549749019,-13.824466549749019,-0.0,0.21212121212121213,0.5050505050505051,0.4464646464646465,99.995,0.010000000000005116,-290.0,99997100212.72,589.0,12.01,True
-1,0.001767676767676779,0.0,0.0,-0.0,0.21,0.51,0.45000000000000007,99.995,0.010000000000005116,-300.0,99997000222.72,596.0,12.01,True
-1,0.0017326732673267342,0.0,0.0,-0.0,0.2079207920792079,0.5148514851485149,0.45346534653465354,99.995,0.010000000000005116,-310.0,99996900232.72,655.0,12.01,True
-1,0.0016986992816928892,0.0,0.0,-0.0,0.20588235294117646,0.5196078431372549,0.4568627450980393,99.995,0.010000000000005116,-320.0,99996800242.72,640.0,12.01,True
-1,-0.0024592851703751136,-0.8249999999992497,0.0,1.6499999999984993,0.20388349514563106,0.5242718446601942,0.4601941747572816,99.99000000000001,0.01999999999999602,-330.0,99996700258.72,553.0,12.01,True
-1,0.0016336818521284768,0.0,0.0,-0.0,0.20192307692307693,0.5288461538461539,0.46346153846153854,99.99000000000001,0.01999999999999602,-340.0,99996600278.72,640.0,12.01,True
-1,-0.0027724358974443586,-0.8750000000016911,0.0,1.7500000000033822,0.2,0.5333333333333333,0.46666666666666673,99.985,0.009999999999990905,-350.0,99996500298.72,712.0,493.01,True
1,-0.02270315836553533,-3.9117008554970027,-3.9117008554970027,-0.0,0.20754716981132076,0.5283018867924528,0.4603773584905661,99.985,0.009999999999990905,-340.0,99996600280.88,757.0,493.01,True
1,-0.022644379784450306,-3.9117008554970027,-3.9117008554970027,-0.0,0.21495327102803738,0.5233644859813084,0.4542056074766355,99.985,0.009999999999990905,-330.0,99996700263.04,758.0,493.01,True
1,-0.02658723394171993,-4.711700855495252,-3.9117008554959796,-1.5999999999985448,0.2222222222222222,0.5185185185185185,0.4481481481481482,99.99,0.0,-320.0,99996800245.22,1275.0,493.01,True
-1,0.0016139993204213332,0.0,0.0,-0.0,0.22018348623853212,0.5229357798165137,0.45137614678899085,99.99,0.0,-330.0,99996700255.22,585.0,246.01,True
0,-0.004813073394503364,-0.8250000000015945,0.0,-1.650000000003189,0.21818181818181817,0.5181818181818182,0.45000000000000007,99.995,0.010000000000005116,-330.0,99996700255.22,585.0,32.010000000000005,True
-1,-0.006923423423427789,-1.7000000000008697,0.0,3.4000000000017394,0.21621621621621623,0.5225225225225225,0.4531531531531532,99.985,0.009999999999990905,-340.0,99996600265.22,465.0,246.01,True
-1,0.0015484234234234284,0.0,0.0,-0.0,0.21428571428571427,0.5267857142857143,0.45625000000000004,99.985,0.009999999999990905,-350.0,99996500285.22,455.0,246.01,True
-1,-0.007478982300889548,-1.8000000000009209,0.0,-3.6000000000018417,0.21238938053097345,0.5309734513274337,0.45929203539823016,99.995,0.010000000000005116,-360.0,99996400305.22,812.0,32.010000000000005,True
0,-0.0006986492780624298,0.0,0.0,-0.0,0.21052631578947367,0.5263157894736842,0.4578947368421053,99.995,0.010000000000005116,-360.0,99996400305.22,792.0,32.010000000000005,True
1,-0.07302352681265854,-14.032622982669011,-14.032622982669011,-0.0,0.21739130434782608,0.5217391304347826,0.4521739130434783,99.995,0.010000000000005116,-350.0,99996500277.14,795.0,37.01,True
-1,-0.0030007496251833023,-0.8999999999991815,0.0,-1.799999999998363,0.21551724137931033,0.5258620689655172,0.4551724137931035,100.0,0.0,-360.0,99996400287.14,1021.0,37.01,True
0,-0.009663129973479418,-1.8000000000009209,0.0,3.6000000000018417,0.21367521367521367,0.5213675213675214,0.4538461538461539,99.99,0.0,-360.0,99996400287.14,958.0,474.01,True
-1,0.001466753585397662,0.0,0.0,-0.0,0.211864406779661,0.5254237288135594,0.4567796610169492,99.99,0.0,-370.0,99996300297.14,742.0,356.01,True
-1,0.0014421022646346482,0.0,0.0,-0.0,0.21008403361344538,0.5294117647058824,0.4596638655462185,99.99,0.0,-380.0,99996200307.14,722.0,356.01,True
-1,-0.008331932773114238,-1.9500000000009976,0.0,-3.900000000001995,0.20833333333333334,0.5333333333333333,0.4625,100.0,0.0,-390.0,99996100317.14,1134.0,37.01,True
-1,0.0013946280991735671,0.0,0.0,-0.0,0.2066115702479339,0.5371900826446281,0.46528925619834716,100.0,0.0,-400.0,99996000317.14,1190.0,113.01,True
-1,0.0013717653434494048,0.0,0.0,-0.0,0.20491803278688525,0.5409836065573771,0.46803278688524597,100.0,0.0,-410.0,99995900317.14,1206.0,227.01,True
0,-0.0006830601092896182,0.0,0.0,-0.0,0.2032520325203252,0.5365853658536586,0.46666666666666673,100.0,0.0,-410.0,99995900317.14,1152.0,227.01,True
-1,0.0013440860215053474,0.0,0.0,-0.0,0.20161290322580644,0.5403225806451613,0.4693548387096774,100.0,0.0,-420.0,99995800317.14,1242.0,227.01,True
-1,0.001322580645161331,0.0,0.0,-0.0,0.2,0.544,0.4720000000000001,100.0,0.0,-430.0,99995700317.14,1296.0,227.01,True
1,-0.06442734159611166,-12.352134985888995,-12.352134985888995,-0.0,0.20634920634920634,0.5396825396825397,0.46666666666666673,100.0,0.0,-420.0,99995800292.42,1271.0,227.01,True
0,-0.00590616797899784,-1.049999999999045,0.0,2.09999999999809,0.2047244094488189,0.5354330708661418,0.4653543307086615,99.995,0.010000000000005116,-420.0,99995800292.42,1039.0,227.01,True
0,-0.0006459153543307283,0.0,0.0,-0.0,0.203125,0.53125,0.46406250000000004,99.995,0.010000000000005116,-420.0,99995800292.42,1126.0,227.01,True
0,-0.0006359011627906919,0.0,0.0,-0.0,0.20155038759689922,0.5271317829457365,0.46279069767441866,99.995,0.010000000000005116,-420.0,99995800292.42,983.0,227.01,True
1,-0.06430986992050045,-12.352134985888995,-12.352134985888995,-0.0,0.2076923076923077,0.5230769230769231,0.45769230769230773,99.995,0.010000000000005116,-410.0,99995900267.7,759.0,207.01,True
-1,-0.009193482090419109,-2.09999999999809,0.0,-4.19999999999618,0.20610687022900764,0.5267175572519084,0.4603053435114504,100.005,0.010000000000005116,-420.0,99995800277.7,779.0,12.01,True
1,-0.11398181546397015,-22.29613177195202,-22.29613177195202,-0.0,0.21212121212121213,0.5227272727272727,0.4553030303030303,100.005,0.010000000000005116,-410.0,99995900243.1,774.0,12.01,True
0,-0.0005838459785827976,0.0,0.0,-0.0,0.21052631578947367,0.518796992481203,0.4541353383458647,100.005,0.010000000000005116,-410.0,99995900243.1,854.0,12.01,True
-1,0.0012905397822915443,0.0,0.0,-0.0,0.208955223880597,0.5223880597014925,0.4567164179104478,100.005,0.010000000000005116,-420.0,99995800243.1,834.0,12.01,True
1,-0.11244911667811297,-22.003366729763002,-22.003366729763002,-0.0,0.21481481481481482,0.5185185185185185,0.4518518518518519,100.005,0.010000000000005116,-410.0,99995900209.08,619.0,12.01,True
0,-0.005683278867097752,-1.0249999999990678,0.0,2.0499999999981355,0.21323529411764705,0.5147058823529411,0.45073529411764707,100.0,0.0,-410.0,99995900209.08,678.0,216.01,True
0,-0.0005501288106483093,0.0,0.0,-0.0,0.2116788321167883,0.5109489051094891,0.44963503649635045,100.0,0.0,-410.0,99995900209.08,678.0,216.01,True
-1,-0.00398056172643132,-1.049999999999045,0.0,-2.09999999999809,0.21014492753623187,0.5144927536231884,0.45217391304347826,100.005,0.010000000000005116,-420.0,99995800219.08,784.0,12.01,True
1,-0.11212428693696443,-21.955667521893986,-21.955667521893986,-0.0,0.2158273381294964,0.5107913669064749,0.4474820143884893,100.005,0.010000000000005116,-410.0,99995900185.16,896.0,12.01,True
0,-0.0005267214799589137,0.0,0.0,-0.0,0.21428571428571427,0.5071428571428571,0.44642857142857145,100.005,0.010000000000005116,-410.0,99995900185.16,890.0,12.01,True
0,-0.0005192502532928023,0.0,0.0,-0.0,0.2127659574468085,0.5035460992907801,0.44539007092198585,100.005,0.010000000000005116,-410.0,99995900185.16,785.0,12.01,True
-1,0.0012486265108380967,0.0,0.0,-0.0,0.2112676056338028,0.5070422535211268,0.44788732394366204,100.005,0.010000000000005116,-420.0,99995800185.16,811.0,12.01,True
0,-0.0005170885452575602,0.0,0.0,-0.0,0.2097902097902098,0.5034965034965035,0.4468531468531469,100.005,0.010000000000005116,-420.0,99995800185.16,891.0,12.01,True
-1,0.0012262043512043241,0.0,0.0,-0.0,0.20833333333333334,0.5069444444444444,0.44930555555555557,100.005,0.010000000000005116,-430.0,99995700185.16,961.0,12.01,True
-1,0.0012092911877394918,0.0,0.0,-0.0,0.20689655172413793,0.5103448275862069,0.45172413793103455,100.005,0.010000000000005116,-440.0,99995600185.16,744.0,12.01,True
-1,0.0011927255550307214,0.0,0.0,-0.0,0.2054794520547945,0.5136986301369864,0.454109589041096,100.005,0.010000000000005116,-450.0,99995500185.16,703.0,12.01,True
0,-0.0005241822756500147,0.0,0.0,-0.0,0.20408163265306123,0.5102040816326531,0.45306122448979597,100.005,0.010000000000005116,-450.0,99995500185.16,853.0,12.01,True
-1,0.0011720904578047253,0.0,0.0,-0.0,0.20270270270270271,0.5135135135135135,0.4554054054054054,100.005,0.010000000000005116,-460.0,99995400185.16,943.0,12.01,True
0,-0.006271494649006154,-1.149999999998954,0.0,2.299999999997908,0.20134228187919462,0.5100671140939598,0.45436241610738265,100.0,0.0,-460.0,99995400185.16,1003.0,434.01,True
-1,0.0011521252796420356,0.0,0.0,-0.0,0.2,0.5133333333333333,0.4566666666666667,100.0,0.0,-470.0,99995300185.16,1183.0,434.01,True
0,-0.0005187637969094883,0.0,0.0,-0.0,0.1986754966887417,0.5099337748344371,0.45562913907284774,100.0,0.0,-470.0,99995300185.16,1283.0,434.01,True
0,-0.0005119379574765048,0.0,0.0,-0.0,0.19736842105263158,0.506578947368421,0.45460526315789473,100.0,0.0,-470.0,99995300185.16,1263.0,434.01,True
0,-0.006380245958026965,-1.1749999999989313,0.0,-2.3499999999978627,0.19607843137254902,0.5032679738562091,0.4535947712418301,100.005,0.010000000000005116,-470.0,99995300185.16,1006.0,12.01,True
0,-0.0004986843222137272,0.0,0.0,-0.0,0.19480519480519481,0.5,0.45259740259740266,100.005,0.0,-470.0,99995300185.16,1001.0,309.01,True
0,-0.0122422496857874,-2.3499999999978627,0.0,4.699999999995725,0.1935483870967742,0.4967741935483871,0.4516129032258065,99.995,0.010000000000005116,-470.0,99995300185.16,979.0,309.01,True
-1,0.0011166253101737023,0.0,0.0,-0.0,0.19230769230769232,0.5,0.4538461538461539,99.995,0.0,-480.0,99995200195.16,1210.0,309.01,True
-1,-0.005022599216064977,-1.2249999999988859,0.0,-2.4499999999977717,0.1910828025477707,0.5031847133757962,0.4560509554140128,100.0,0.0,-490.0,99995100195.16,1332.0,309.01,True
1,-0.05911512780181844,-11.407803436683935,-10.207803436685026,2.399999999997817,0.1962025316455696,0.5,0.45189873417721527,99.995,0.010000000000005116,-480.0,99995200174.74,1153.0,209.01,True
-1,0.001094658068625104,0.0,0.0,-0.0,0.1949685534591195,0.5031446540880503,0.4540880503144655,99.995,0.010000000000005116,-490.0,99995100184.74,1133.0,209.01,True
0,-0.0004815251572327095,0.0,0.0,-0.0,0.19375,0.5,0.45312500000000006,99.995,0.010000000000005116,-490.0,99995100184.74,715.0,12.01,True
0,-0.0004755434782608703,0.0,0.0,-0.0,0.19254658385093168,0.4968944099378882,0.4521739130434783,99.995,0.010000000000005116,-490.0,99995100184.74,643.0,12.01,True
-1,0.0010735373054213682,0.0,0.0,-0.0,0.19135802469135801,0.5,0.45432098765432105,99.995,0.010000000000005116,-500.0,99995000194.74,664.0,12.01,True
0,-0.00047337726274332415,0.0,0.0,-0.0,0.1901840490797546,0.49693251533742333,0.4533742331288344,99.995,0.010000000000005116,-500.0,99995000194.74,681.0,12.01,True
-1,0.0010567858746072245,0.0,0.0,-0.0,0.18902439024390244,0.5,0.45548780487804885,99.995,0.010000000000005116,-510.0,99994900204.74,766.0,12.01,True
-1,0.0010439763488543918,0.0,0.0,-0.0,0.18787878787878787,0.503030303030303,0.45757575757575764,99.995,0.010000000000005116,-520.0,99994800214.74,854.0,12.01,True
0,-0.0004746257758306005,0.0,0.0,-0.0,0.18674698795180722,0.5,0.45662650602409643,99.995,0.010000000000005116,-520.0,99994800214.74,895.0,12.01,True
-1,0.001028064353221253,0.0,0.0,-0.0,0.18562874251497005,0.5029940119760479,0.45868263473053894,99.995,0.010000000000005116,-530.0,99994700224.74,643.0,12.01,True
-1,0.001015825491873401,0.0,0.0,-0.0,0.18452380952380953,0.5059523809523809,0.46071428571428574,99.995,0.010000000000005116,-540.0,99994600234.74,654.0,12.01,True
-1,0.0010038038884192801,0.0,0.0,-0.0,0.1834319526627219,0.5088757396449705,0.4627218934911243,99.995,0.010000000000005116,-550.0,99994500244.74,672.0,12.01,True
-1,0.0009919944309084439,0.0,0.0,-0.0,0.18235294117647058,0.5117647058823529,0.4647058823529412,99.995,0.010000000000005116,-560.0,99994400254.74,495.0,12.01,True
0,-0.0004815961472308117,0.0,0.0,-0.0,0.18128654970760233,0.5087719298245614,0.46374269005847957,99.995,0.010000000000005116,-560.0,99994400254.74,475.0,12.01,True
-1,-0.006147507819951198,-1.425000000002754,0.0,2.850000000005508,0.18023255813953487,0.5116279069767442,0.4656976744186047,99.99,0.0,-570.0,99994300264.74,510.0,322.01,True
0,-0.007603895012764062,-1.424999999998704,0.0,2.849999999997408,0.1791907514450867,0.5086705202312138,0.46473988439306363,99.985,0.009999999999990905,-570.0,99994300264.74,535.0,322.01,True
-1,-0.0062866088631918565,-1.4499999999986812,0.0,-2.8999999999973625,0.1781609195402299,0.5114942528735632,0.46666666666666673,99.99,0.0,-580.0,99994200274.74,618.0,322.01,True
-1,-0.0064226190476123655,-1.4749999999986585,0.0,2.949999999997317,0.17714285714285713,0.5142857142857142,0.4685714285714286,99.985,0.009999999999990905,-590.0,99994100284.74,574.0,322.01,True
-1,0.0009415584415584655,0.0,0.0,-0.0,0.17613636363636365,0.5170454545454546,0.4704545454545455,99.985,0.009999999999990905,-600.0,99994000304.74,564.0,322.01,True
-1,0.0009309193631227286,0.0,0.0,-0.0,0.1751412429378531,0.519774011299435,0.47231638418079097,99.985,0.009999999999990905,-610.0,99993900324.74,644.0,322.01,True
-1,0.0009204595949978134,0.0,0.0,-0.0,0.17415730337078653,0.5224719101123596,0.4741573033707866,99.985,0.009999999999990905,-620.0,99993800344.74,634.0,322.01,True
-1,-0.006964824869743652,-1.5749999999985675,0.0,-3.149999999997135,0.17318435754189945,0.5251396648044693,0.47597765363128497,99.99,0.0,-630.0,99993700354.74,1024.0,322.01,True
0,-0.000488826815642468,0.0,0.0,-0.0,0.17222222222222222,0.5222222222222223,0.47500000000000003,99.99,0.0,-630.0,99993700354.74,1080.0,322.01,True
0,-0.0004834254143646355,0.0,0.0,-0.0,0.1712707182320442,0.5193370165745856,0.47403314917127076,99.99,0.0,-630.0,99993700354.74,1157.0,322.01,True
-1,0.0008955133264525461,0.0,0.0,-0.0,0.17032967032967034,0.521978021978022,0.47582417582417585,99.99,0.0,-640.0,99993600364.74,1147.0,322.01,True
0,-0.000480393923016853,0.0,0.0,-0.0,0.16939890710382513,0.5191256830601093,0.47486338797814215,99.99,0.0,-640.0,99993600364.74,1132.0,322.01,True
0,-0.0004751722499406197,0.0,0.0,-0.0,0.16847826086956522,0.5163043478260869,0.4739130434782609,99.99,0.0,-640.0,99993600364.74,822.0,242.01,True
0,-0.00047003525264396884,0.0,0.0,-0.0,0.16756756756756758,0.5135135135135135,0.47297297297297297,99.99,0.0,-640.0,99993600364.74,882.0,312.01,True
-1,-0.0072458950886526985,-1.6250000000031406,0.0,-3.250000000006281,0.16666666666666666,0.5161290322580645,0.474731182795699,99.995,0.010000000000005116,-650.0,99993500374.74,906.0,12.01,True
0,-0.0004671956759243201,0.0,0.0,-0.0,0.1657754010695187,0.5133689839572193,0.47379679144385034,99.995,0.010000000000005116,-650.0,99993500374.74,886.0,12.01,True
0,-0.0004622255091591976,0.0,0.0,-0.0,0.16489361702127658,0.5106382978723404,0.47287234042553195,99.995,0.010000000000005116,-650.0,99993500374.74,470.0,12.01,True
1,-0.06285505209220163,-12.214993307104066,-10.614993307100974,3.2000000000061846,0.1693121693121693,0.5079365079365079,0.46931216931216935,99.99,0.0,-640.0,99993600353.48,581.0,121.01,True
0,-0.0004455583402951657,0.0,0.0,-0.0,0.16842105263157894,0.5052631578947369,0.468421052631579,99.99,0.0,-640.0,99993600353.48,641.0,121.01,True
-1,-0.007256992284391556,-1.6250000000031406,0.0,-3.250000000006281,0.16753926701570682,0.5078534031413613,0.4701570680628273,99.995,0.010000000000005116,-650.0,99993500363.48,617.0,12.01,True
0,-0.00856811736476265,-1.6250000000031406,0.0,3.250000000006281,0.16666666666666666,0.5052083333333334,0.4692708333333334,99.99,0.0,-650.0,99993500363.48,690.0,121.01,True
-1,-0.00739318868740802,-1.650000000003189,0.0,-3.300000000006378,0.16580310880829016,0.5077720207253886,0.47098445595854926,99.995,0.010000000000005116,-660.0,99993400373.48,759.0,12.01,True
-1,0.0008479782062923991,0.0,0.0,-0.0,0.16494845360824742,0.5103092783505154,0.47268041237113406,99.995,0.010000000000005116,-670.0,99993300383.48,771.0,12.01,True
0,-0.0004427702881311113,0.0,0.0,-0.0,0.1641025641025641,0.5076923076923077,0.47179487179487184,99.995,0.010000000000005116,-670.0,99993300383.48,761.0,12.01,True
0,-0.0004382522239665121,0.0,0.0,-0.0,0.16326530612244897,0.5051020408163265,0.4709183673469388,99.995,0.010000000000005116,-670.0,99993300383.48,870.0,12.01,True
-1,0.000835232570185418,0.0,0.0,-0.0,0.16243654822335024,0.5076142131979695,0.47258883248730965,99.995,0.010000000000005116,-680.0,99993200393.48,950.0,12.01,True
0,-0.0004358303850689471,0.0,0.0,-0.0,0.16161616161616163,0.5050505050505051,0.47171717171717176,99.995,0.010000000000005116,-680.0,99993200393.48,843.0,12.01,True
-1,-0.007800168773175404,-1.7250000000033339,0.0,3.4500000000066677,0.16080402010050251,0.507537688442211,0.4733668341708543,99.99,0.0,-690.0,99993100403.48,773.0,233.01,True
0,-0.009058417085443799,-1.7250000000033339,0.0,-3.4500000000066677,0.16,0.505,0.47250000000000003,99.995,0.010000000000005116,-690.0,99993100403.48,787.0,12.01,True
-1,0.0008146766169154496,0.0,0.0,-0.0,0.15920398009950248,0.5074626865671642,0.47412935323383093,99.995,0.010000000000005116,-700.0,99993000413.48,777.0,12.01,True
-1,0.0008066105117974232,0.0,0.0,-0.0,0.15841584158415842,0.5099009900990099,0.4757425742574258,99.995,0.010000000000005116,-710.0,99992900423.48,767.0,49.01,True
0,-0.0004328634833926648,0.0,0.0,-0.0,0.15763546798029557,0.5073891625615764,0.47487684729064045,99.995,0.010000000000005116,-710.0,99992900423.48,847.0,49.01,True
0,-0.00042861972375157764,0.0,0.0,-0.0,0.1568627450980392,0.5049019607843137,0.4740196078431373,99.995,0.010000000000005116,-710.0,99992900423.48,847.0,49.01,True
-1,0.0007950741272118589,0.0,0.0,-0.0,0.15609756097560976,0.5073170731707317,0.475609756097561,99.995,0.010000000000005116,-720.0,99992800433.48,881.0,49.01,True
1,-0.054373133092211194,-10.546660717424004,-10.546660717424004,-0.0,0.16019417475728157,0.5048543689320388,0.47233009708737866,99.995,0.010000000000005116,-710.0,99992900412.38,886.0,49.01,True
-1,0.0007914731954411225,0.0,0.0,-0.0,0.15942028985507245,0.5072463768115942,0.4739130434782609,99.995,0.010000000000005116,-720.0,99992800422.38,610.0,49.01,True
-1,0.0007838628762541766,0.0,0.0,-0.0,0.15865384615384615,0.5096153846153846,0.47548076923076926,99.995,0.010000000000005116,-730.0,99992700432.38,603.0,49.01,True
-1,-0.008473638203892953,-1.8499999999983174,0.0,3.699999999996635,0.15789473684210525,0.5119617224880383,0.47703349282296653,99.99000000000001,0.01999999999999602,-740.0,99992600442.38,693.0,49.01,True
0,-0.00042150831624515606,0.0,0.0,-0.0,0.15714285714285714,0.5095238095238095,0.4761904761904762,99.99000000000001,0.01999999999999602,-740.0,99992600442.38,673.0,49.01,True
-1,-0.008607678853523398,-1.8749999999982947,0.0,-3.7499999999965894,0.15639810426540285,0.5118483412322274,0.47772511848341237,99.995,0.010000000000005116,-750.0,99992500462.38,784.0,49.01,True
0,-0.009794163015309193,-1.8750000000036238,0.0,3.7500000000072475,0.15566037735849056,0.5094339622641509,0.4768867924528302,99.99,0.0,-750.0,99992500462.38,813.0,511.01,True
-1,-0.018241518292125527,-3.799999999996544,0.0,7.599999999993088,0.15492957746478872,0.5117370892018779,0.4784037558685446,99.98,0.0,-760.0,99992400472.38,331.0,749.01,True
0,-0.0004168312053003109,0.0,0.0,-0.0,0.1542056074766355,0.5093457943925234,0.477570093457944,99.98,0.0,-760.0,99992400472.38,421.0,467.01,True
-1,0.0007498369919582692,0.0,0.0,-0.0,0.15348837209302327,0.5116279069767442,0.47906976744186053,99.98,0.0,-770.0,99992300492.38,416.0,467.01,True
-1,-0.009007105943143611,-1.9499999999982265,0.0,-3.899999999996453,0.1527777777777778,0.5138888888888888,0.48055555555555557,99.985,-0.009999999999990905,-780.0,99992200512.38,596.0,472.01,True
0,-0.00041602662570403015,0.0,0.0,-0.0,0.15207373271889402,0.511520737327189,0.4797235023041475,99.985,-0.009999999999990905,-780.0,99992200512.38,786.0,512.01,True
-1,0.0007345791231556376,0.0,0.0,-0.0,0.15137614678899083,0.5137614678899083,0.4811926605504588,99.985,-0.009999999999990905,-790.0,99992100522.38,771.0,574.01,True
-1,0.000727870638012662,0.0,0.0,-0.0,0.1506849315068493,0.5159817351598174,0.4826484018264841,99.985,-0.009999999999990905,-800.0,99992000532.38,777.0,624.01,True
0,-0.010415110004142025,-1.999999999998181,0.0,3.999999999996362,0.15,0.5136363636363637,0.48181818181818187,99.98,0.0,-800.0,99992000532.38,534.0,629.01,True
0,-0.010411353352520747,-1.999999999998181,0.0,-3.999999999996362,0.1493212669683258,0.5113122171945701,0.4809954751131222,99.985,-0.009999999999990905,-800.0,99992000532.38,712.0,608.01,True
0,-0.010407647466461889,-1.999999999998181,0.0,-3.999999999996362,0.14864864864864866,0.509009009009009,0.4801801801801802,99.99,0.0,-800.0,99992000532.38,802.0,208.01,True
-1,0.0007170847978023032,0.0,0.0,-0.0,0.14798206278026907,0.5112107623318386,0.4816143497757848,99.99,0.0,-810.0,99991900545.38,895.0,208.01,True
-1,-0.009539317745055077,-2.050000000003962,0.0,-4.100000000007924,0.14732142857142858,0.5133928571428571,0.4830357142857143,99.995,0.010000000000005116,-820.0,99991800555.38,875.0,12.01,True
1,-0.0660216931756568,-12.900767206559934,-10.87576720655602,4.050000000007827,0.1511111111111111,0.5111111111111111,0.48000000000000004,99.99,0.0,-810.0,99991900533.62,893.0,208.01,True
-1,0.000707964601769917,0.0,0.0,-0.0,0.1504424778761062,0.5132743362831859,0.48141592920353987,99.99,0.0,-820.0,99991800543.62,761.0,175.01,True
0,-0.010649594557736881,-2.050000000003962,0.0,-4.100000000007924,0.14977973568281938,0.5110132158590308,0.48061674008810573,99.995,0.010000000000005116,-820.0,99991800543.62,549.0,12.01,True
0,-0.0003960893422984557,0.0,0.0,-0.0,0.14912280701754385,0.5087719298245614,0.4798245614035088,99.995,0.010000000000005116,-820.0,99991800543.62,529.0,12.01,True
0,-0.010642630046752378,-2.050000000003962,0.0,4.100000000007924,0.14847161572052403,0.5065502183406113,0.4790393013100437,99.99,0.0,-820.0,99991800543.62,590.0,112.01,True
-1,0.0006977406493259841,0.0,0.0,-0.0,0.14782608695652175,0.508695652173913,0.48043478260869565,99.99,0.0,-830.0,99991700553.62,570.0,112.01,True
