,reward,action_size,action_sym,action_asym,recent_pl_change,change_inven_pnl,diff_market_share,curr_mp,current_inventory,current_market_share,total_volume,bp,spread,bid_5,bid_4,bid_3,bid_2,bid_1,ask_1,ask_2,ask_3,ask_4,ask_5
0,-0.28161764705882353,4.999999873689376e-06,-0.07184511423110962,0.8333756923675537,0.0,0.0,0.5632352941176471,99.995,500.0,0.03676470588235294,136.0,9999950000.0,0.01,0.0,0.0,0.0,0.0,68.0,63.0,5.0,0.0,0.0,0.0
1,-0.5156015037595136,3.457525963312946e-05,-0.7006619572639465,-0.6468125581741333,-5.00000000000256,0.0,0.5812030075187969,99.985,500.0,0.018796992481203006,266.0,9999950000.0,0.01,0.0,0.0,0.0,100.0,33.0,65.0,63.0,5.0,0.0,0.0
2,-0.19161538461547759,4.999999873689376e-06,0.5204617977142334,-0.13414424657821655,2.49999999999773,2.4999999999977263,0.5879807692307693,99.98,500.0,0.01201923076923077,416.0,9999950005.0,0.0,0.0,0.0,0.0,100.0,98.0,150.0,63.0,5.0,0.0,0.0
3,-0.21182402912620435,7.643936987733468e-05,0.6117274761199951,0.9142757654190063,0.0,2.4999999999977263,0.40339805825242714,99.98,8100.0,0.1966019417475728,412.0,9999190157.0,0.0,0.0,0.0,0.0,108.0,88.0,72.0,139.0,5.0,0.0,0.0
4,-0.07888888888888887,9.49171298998408e-05,0.7801941633224487,0.6108543872833252,0.0,0.0,0.15777777777777774,99.99,15300.0,0.44222222222222224,450.0,9998240347.0,0.02,0.0,0.0,0.0,108.0,112.0,225.0,5.0,0.0,0.0,0.0
5,-0.08445945945945946,5.955038795946166e-05,1.0,-0.6504551768302917,0.0,0.0,0.16891891891891891,99.99,15300.0,0.43108108108108106,740.0,9997640587.0,0.02,0.0,0.0,160.0,108.0,92.0,375.0,5.0,0.0,0.0,0.0
6,-0.09432989690721649,4.050269490107894e-05,1.0,-0.5084905624389648,0.0,0.0,0.18865979381443299,99.985,15300.0,0.411340206185567,970.0,9997240747.0,0.01,0.0,95.0,200.0,108.0,82.0,65.0,415.0,5.0,0.0,0.0
7,-0.06330275229357796,7.471091521438211e-05,-0.5655080080032349,-0.0401538610458374,0.0,0.0,0.12660550458715591,99.985,18600.0,0.47339449541284406,1090.0,9996490897.0,0.01,0.0,95.0,200.0,141.0,114.0,120.0,415.0,5.0,0.0,0.0
8,-0.06358695652173912,7.901999924797565e-05,1.0,-0.8448520302772522,0.0,0.0,0.12717391304347825,99.98,25100.0,0.47282608695652173,1288.0,9995701134.0,0.0,0.0,95.0,200.0,320.0,29.0,25.0,199.0,415.0,5.0,0.0
9,-0.9912468638757219,4.8766327381599694e-05,-0.2202048897743225,-0.9662199020385742,-20.48804780873897,0.0,0.13856942496493685,99.975,20200.0,0.46143057503506313,1426.0,9995701163.0,0.01,0.0,0.0,95.0,200.0,418.0,94.0,199.0,415.0,5.0,0.0
10,-0.08805031446540879,1.5719451766926795e-05,0.5844681262969971,0.922504186630249,0.0,0.0,0.17610062893081757,99.975,21800.0,0.4238993710691824,1590.0,9995541195.0,0.01,0.0,0.0,95.0,297.0,418.0,145.0,215.0,415.0,5.0,0.0
11,-0.5299585574580659,9.412182407686487e-06,0.7916426658630371,0.16822874546051025,0.0,109.00000000021066,0.1770171149144254,99.98,21800.0,0.4229828850855746,1636.0,9995451222.0,0.0,0.0,95.0,297.0,427.0,19.0,154.0,224.0,415.0,5.0,0.0
12,-0.936324657535953,9.999999747378752e-05,0.0798870325088501,0.1410583257675171,0.0,218.00000000042132,0.10684931506849316,99.975,31800.0,0.4931506849315068,1606.0,9994451422.0,0.01,0.0,0.0,95.0,297.0,421.0,49.0,324.0,415.0,5.0,0.0
13,-1.1351030173363301,4.2238476453348994e-05,-1.0,0.03970766067504883,-0.14089301057390102,268.00000000051796,0.08672566371681412,99.98,33200.0,0.5132743362831859,1582.0,9994281456.0,0.0,0.0,95.0,297.0,421.0,3.0,17.0,329.0,415.0,5.0,0.0
14,-0.7598848070014373,9.999999747378752e-05,-1.0,0.6015372276306152,-2.0065631762662974,159.0000000003073,0.05127892813641899,99.98,42300.0,0.548721071863581,1642.0,9993381536.0,0.0,0.0,95.0,297.0,442.0,2.0,7.0,379.0,415.0,5.0,0.0
15,0.1316842956403805,9.999999747378752e-05,0.3211188316345215,0.573556661605835,5.9865332575243,0.0,0.27541940189642594,99.985,43600.0,0.32458059810357404,1371.0,9994341075.0,0.01,0.0,95.0,197.0,363.0,161.0,315.0,240.0,0.0,0.0,0.0
16,0.6229857714501222,5.0619710236787796e-05,-1.0,0.9065561294555664,17.16348017483535,0.0,0.2987416728349371,99.985,39800.0,0.3012583271650629,1351.0,9994321077.0,0.01,0.0,95.0,197.0,363.0,161.0,295.0,240.0,0.0,0.0,0.0
17,-0.1674873280231716,3.0976290872786194e-05,-0.6784815192222595,0.7823680639266968,0.0,0.0,0.3349746560463432,99.98,50100.0,0.2650253439536568,1381.0,9994411068.0,0.0,0.0,95.0,197.0,460.0,79.0,2.0,308.0,240.0,0.0,0.0
18,-1.1697644600453736,4.999999873689376e-06,-0.623836874961853,-0.528508722782135,0.51875934917689,247.99999999977445,0.3774172615184945,99.985,46800.0,0.2225827384815055,1541.0,9994171097.0,0.01,0.0,95.0,197.0,465.0,164.0,280.0,340.0,0.0,0.0,0.0
19,-0.8085069304310734,7.235193334054202e-05,-0.7971459627151489,-1.0,8.416207659433901,247.99999999977445,0.3656725502130249,99.985,36600.0,0.23432744978697503,1643.0,9994471139.0,0.01,0.0,95.0,197.0,537.0,158.0,316.0,340.0,0.0,0.0,0.0
20,0.2122669981206695,9.999999747378752e-05,-0.5354952812194824,-0.29988425970077515,6.43321601984326,0.0,0.15445544554455443,99.985,23100.0,0.44554455445544555,1010.0,9994821104.0,0.01,0.0,0.0,97.0,253.0,158.0,281.0,221.0,0.0,0.0,0.0
21,0.31063505396458485,9.999999747378752e-05,-1.0,-1.0,7.7530429703073995,0.0,0.07650375939849619,99.98,17800.0,0.5234962406015038,1064.0,9994491201.64,0.0,0.0,0.0,97.0,253.0,180.0,32.0,281.0,221.0,0.0,0.0
22,0.02653748006313139,9.999999747378752e-05,0.29653871059417725,-0.6867280602455139,1.2666666666519006,0.0,0.06092503987240827,99.98,11700.0,0.5390749601275917,1254.0,9992981606.16,0.0,0.0,0.0,97.0,353.0,170.0,61.0,352.0,221.0,0.0,0.0
23,-1.8788517857190004,5.14690182171762e-05,-0.5595148205757141,1.0,-41.276071428676204,0.0,0.042857142857142816,99.98,17800.0,0.5571428571428572,1190.0,9993961378.62,0.0,0.0,0.0,97.0,353.0,133.0,34.0,352.0,221.0,0.0,0.0
24,0.041816656908389385,9.117410809267312e-05,0.7247127294540405,-0.21399688720703125,1.676071428565301,0.0,0.0672131147540983,99.98,30800.0,0.5327868852459017,1342.0,9993631539.0,0.0,0.0,0.0,197.0,444.0,3.0,34.0,443.0,221.0,0.0,0.0
25,0.5162916998049185,8.887793228495866e-05,-0.49168556928634644,-0.5659932494163513,23.87125699268464,131.00000000025318,0.05472972972972967,99.975,28200.0,0.5452702702702703,1480.0,9993221710.0,0.01,0.0,0.0,0.0,197.0,506.0,67.0,443.0,267.0,0.0,0.0
26,-1.0407001047819646,1.718278872431256e-05,1.0,-0.4593021869659424,-10.38173816068308,131.00000000025318,0.08594377510040163,99.975,20900.0,0.5140562248995983,1494.0,9993781632.0,0.01,0.0,0.0,0.0,214.0,506.0,11.0,496.0,267.0,0.0,0.0
27,-0.044415243101182666,4.999999873689376e-06,-0.8233115077018738,1.0,0.0,0.0,0.08883048620236533,99.98,21400.0,0.5111695137976346,1522.0,9993811626.0,0.0,0.0,0.0,232.0,506.0,5.0,11.0,501.0,267.0,0.0,0.0
28,-0.044415243101182666,9.300625242758542e-05,0.1278012990951538,0.8104053735733032,0.0,0.0,0.08883048620236533,99.98,21400.0,0.5111695137976346,1522.0,9993811626.0,0.0,0.0,0.0,232.0,506.0,5.0,11.0,501.0,267.0,0.0,0.0
29,-0.4763686170221141,9.999999747378752e-05,1.0,-0.6844333410263062,0.0,107.0000000002068,0.08603723404255315,99.975,22700.0,0.5139627659574468,1504.0,9993811626.0,0.01,0.0,0.0,0.0,232.0,493.0,11.0,501.0,267.0,0.0,0.0
30,-0.4806904255327524,9.999999747378752e-05,0.32698678970336914,0.8451851606369019,0.0,107.0000000002068,0.09468085106382973,99.975,22700.0,0.5053191489361702,1504.0,9993811626.0,0.01,0.0,0.0,0.0,232.0,493.0,11.0,501.0,267.0,0.0,0.0
31,0.5359165068738432,5.8156190789304674e-05,-0.8570904731750488,-0.7795708179473877,13.53848601678322,0.0,0.14663072776280328,99.975,21700.0,0.7466307277628033,1484.0,9992082181.0,0.01,0.0,0.0,0.0,232.0,483.0,1.0,501.0,267.0,0.0,0.0
32,-0.052621483375959066,2.0305296857259236e-05,0.32468247413635254,0.9564967155456543,0.0,0.0,0.10524296675191813,99.98,30200.0,0.7052429667519181,1564.0,9992082181.0,0.02,0.0,0.0,0.0,232.0,573.0,492.0,267.0,0.0,0.0,0.0
33,0.2993830661133676,4.999999873689376e-06,1.0,0.9271814823150635,21.88024800542512,150.99999999986267,0.14735618826263797,99.985,21500.0,0.452643811737362,1721.0,9991222367.0,0.01,0.0,0.0,332.0,473.0,83.0,566.0,267.0,0.0,0.0,0.0
34,-2.2117855451560597,1.2388154573272914e-05,0.1924067735671997,0.2660970687866211,-33.8236723400343,150.99999999986267,0.15634057971014492,99.985,21500.0,0.7563405797101449,1104.0,9991292266.02,0.01,0.0,0.0,135.0,338.0,163.0,422.0,46.0,0.0,0.0,0.0
35,2.9267914749484305,3.3410229661967605e-05,0.7822089195251465,-0.06781017780303955,65.343428125469,0.0,0.027325581395348797,99.985,25500.0,0.5726744186046512,688.0,9995381308.0,0.01,0.0,0.0,148.0,156.0,32.0,260.0,46.0,41.0,5.0,0.0
36,3.3826790692983866,4.999999873689376e-06,-0.47102200984954834,-0.49232637882232666,77.96878443699731,0.0,0.25183246073298426,99.985,24800.0,0.3481675392670157,382.0,9996890873.0,0.01,0.0,0.0,30.0,109.0,30.0,105.0,62.0,41.0,5.0,0.0
37,0.1260579760586233,9.050973312696442e-05,-0.5444327592849731,-0.4204389452934265,15.34902464084999,123.99999999988722,0.12489626556016598,99.98,18400.0,0.475103734439834,482.0,9996730905.0,0.0,0.0,0.0,30.0,109.0,85.0,16.0,134.0,62.0,41.0,5.0
38,-0.5322755323360496,2.334797136427369e-05,-0.6363817453384399,-0.3716418147087097,1.7868519695830116,123.99999999988722,0.22096774193548385,99.98,20400.0,0.3790322580645161,620.0,9996600954.0,0.0,0.0,0.0,30.0,198.0,55.0,29.0,200.0,62.0,41.0,5.0
39,0.7840811767712996,9.999999747378752e-05,-0.4996650218963623,1.0,19.997125565678004,0.0,0.23157894736842105,99.985,27500.0,0.3684210526315789,722.0,9996090976.0,0.01,0.0,0.0,30.0,198.0,106.0,180.0,162.0,41.0,5.0,0.0
40,0.21679527920737823,4.999999873689376e-06,0.6280419826507568,-0.559577226638794,7.7702321721489795,0.0,0.2657303370786517,99.985,29300.0,0.3342696629213483,712.0,9996140981.0,0.01,0.0,0.0,30.0,221.0,78.0,175.0,162.0,41.0,5.0,0.0
41,0.5829680408444513,8.181437442544848e-05,-1.0,-0.8325456976890564,23.140868406847005,84.9999999999227,0.22824207492795384,99.985,16900.0,0.37175792507204614,694.0,9996660929.0,0.01,0.0,0.0,30.0,221.0,79.0,156.0,162.0,41.0,5.0,0.0
42,-0.5383439302066462,4.999999873689376e-06,-0.697723925113678,-0.5078408718109131,-1.013115323524005,84.9999999999227,0.2970074812967581,99.985,18400.0,0.3029925187032419,802.0,9996660929.0,0.01,0.0,0.0,30.0,221.0,133.0,136.0,236.0,41.0,5.0,0.0
43,0.16701985810967154,4.453449946595356e-05,-0.847555935382843,0.17625892162322998,7.235682593234003,0.0,0.31717171717171716,99.985,27300.0,0.2828282828282828,792.0,9996310964.0,0.01,0.0,0.0,30.0,275.0,79.0,126.0,236.0,41.0,5.0,0.0
44,1.740205215426352,4.9078953452408314e-05,0.23515820503234863,-0.2715644836425781,41.991640446167,0.0,0.29883720930232555,99.985,22000.0,0.30116279069767443,860.0,9996401004.0,0.01,0.0,0.0,30.0,275.0,118.0,155.0,236.0,41.0,5.0,0.0
45,0.01948530504938334,4.999999873689376e-06,0.8152722120285034,-0.10283613204956055,3.6486930533849886,0.0,0.2894117647058823,99.985,21500.0,0.31058823529411766,850.0,9996401014.0,0.01,0.0,0.0,30.0,280.0,108.0,145.0,241.0,41.0,5.0,0.0
46,1.4139527171376365,4.484954115469009e-05,1.0,0.3678145408630371,34.29771470182402,0.0,0.2588888888888889,99.985,16800.0,0.3411111111111111,900.0,9996421057.0,0.01,0.0,0.0,30.0,280.0,143.0,115.0,286.0,41.0,5.0,0.0
47,-0.05122670924916344,9.999999747378752e-05,-1.0,0.5995731353759766,9.590169894139024,96.99999999991178,0.1798687089715536,99.99,25100.0,0.4201312910284464,914.0,9995621137.0,0.0,0.0,30.0,285.0,138.0,2.0,127.0,286.0,41.0,5.0,0.0
48,-0.26227707170035464,9.999999747378752e-05,0.025121450424194336,0.938896894454956,4.354461870818,96.99999999991178,0.13075571177504391,99.99,28100.0,0.46924428822495606,1138.0,9994721227.0,0.0,0.0,30.0,285.0,175.0,62.0,117.0,423.0,41.0,5.0,0.0
49,1.139717258863915,7.045633083180292e-06,0.24364924430847168,0.04525125026702881,27.449154633567957,0.0,0.19098939929328618,99.99,21600.0,0.4090106007067138,1132.0,9995261180.0,0.0,0.0,30.0,285.0,182.0,52.0,42.0,430.0,106.0,5.0,0.0
50,-1.3539988439181116,4.725061444332823e-05,-1.0,-1.0,-28.218359601057955,0.0,0.1683453237410072,99.99,13900.0,0.4316546762589928,1112.0,9994941214.0,0.0,0.0,30.0,285.0,187.0,52.0,12.0,435.0,106.0,5.0,0.0
51,0.011555560271631724,4.460899799596518e-05,-0.5272628664970398,-0.10945463180541992,8.999999999993975,69.49999999993679,0.22393887945670626,99.985,24600.0,0.3760611205432937,1178.0,9995351171.0,0.01,0.0,0.0,30.0,285.0,267.0,50.0,435.0,106.0,5.0,0.0
52,-1.5718793732006764,4.2146559280809015e-05,-1.0,-1.0,-28.611106864123997,69.49999999993679,0.0058091286307053736,99.985,19700.0,0.6058091286307054,723.0,9995081198.0,0.01,0.0,0.0,0.0,96.0,285.0,20.0,232.0,85.0,5.0,0.0
53,0.8415005861656168,7.084636308718473e-06,0.31838953495025635,0.3607327938079834,19.999999999981014,0.0,0.11699882766705744,99.985,19700.0,0.48300117233294254,853.0,9995211192.0,0.01,0.0,0.0,0.0,96.0,350.0,78.0,239.0,85.0,5.0,0.0
54,-0.0692307692307692,2.550491080910433e-05,1.0,0.13472867012023926,0.0,0.0,0.1384615384615384,99.99,19700.0,0.46153846153846156,1001.0,9994961242.0,0.0,0.0,0.0,96.0,375.0,49.0,58.0,333.0,85.0,5.0,0.0
55,1.316726016411983,9.909260552376509e-05,-0.02746570110321045,1.0,29.79381993216697,0.0,0.047991761071060735,99.995,27100.0,0.5520082389289392,971.0,9994761246.0,0.01,0.0,0.0,96.0,375.0,39.0,371.0,85.0,5.0,0.0,0.0
56,-0.6657962765968053,4.814565181732178e-05,1.0,-1.0,0.0,135.50000000026188,0.23404255319148937,99.99,28200.0,0.3659574468085106,940.0,9995600987.0,0.02,0.0,0.0,0.0,5.0,471.0,399.0,65.0,0.0,0.0,0.0
57,-3.9818978728496943,9.999999747378752e-05,0.15196800231933594,-0.8609628081321716,-73.93808404310096,135.50000000026188,0.2118181818181818,99.985,18500.0,0.3881818181818182,1100.0,9995671187.0,0.01,0.0,100.0,100.0,5.0,361.0,80.0,389.0,65.0,0.0,0.0
58,0.023056898654296137,1.3851943549525458e-05,0.6753537654876709,-0.14295393228530884,3.116023950194972,0.0,0.2343283582089552,99.99,17100.0,0.3656716417910448,1206.0,9995671201.0,0.0,100.0,100.0,5.0,375.0,29.0,70.0,462.0,65.0,0.0,0.0
59,0.08136320821529636,7.994967745617032e-05,-0.1982787847518921,-0.2387520670890808,4.228889646694995,0.0,0.21787365177195683,99.985,23800.0,0.38212634822804314,1298.0,9995061342.0,0.01,0.0,100.0,100.0,5.0,455.0,111.0,462.0,65.0,0.0,0.0
60,0.19160656621595815,4.4945489207748324e-05,-1.0,0.5551594495773315,6.351472641697001,0.0,0.18841940532081375,99.985,26800.0,0.41158059467918623,1278.0,9994761372.0,0.01,0.0,100.0,100.0,5.0,450.0,91.0,467.0,65.0,0.0,0.0
61,-1.1912909440458785,4.264792369212955e-05,-0.6057437062263489,-0.8080779314041138,-24.792445093764,0.0,0.15126182965299684,99.985,22500.0,0.44873817034700314,1268.0,9994761415.0,0.01,0.0,100.0,100.0,53.0,387.0,96.0,467.0,65.0,0.0,0.0
62,-0.21309262414286864,9.999999747378752e-05,-1.0,0.4971616268157959,6.08119721013702,109.99999999989996,0.08249299719887948,99.99,22500.0,0.5175070028011205,1428.0,9993911500.0,0.0,100.0,100.0,53.0,377.0,85.0,176.0,472.0,65.0,0.0,0.0
63,-0.04413799012008306,9.999999747378752e-05,0.11761236190795898,-0.02210015058517456,9.400543964297015,109.99999999989996,0.04332493702770779,99.99,22000.0,0.5566750629722922,1588.0,9993161675.0,0.0,100.0,100.0,53.0,477.0,65.0,151.0,577.0,65.0,0.0,0.0
64,1.3650039618562846,2.6405507014715113e-05,0.5761098861694336,-0.8208703398704529,31.22231026347299,0.0,0.08000000000000007,99.99,11000.0,0.68,1200.0,9993501693.0,0.0,100.0,100.0,74.0,347.0,55.0,57.0,467.0,0.0,0.0,0.0
65,0.24103919940620813,4.999999873689376e-06,-1.0,0.33811473846435547,10.40743675449096,55.0000000001063,0.009090909090909038,99.995,5800.0,0.5909090909090909,1276.0,9993831660.0,0.01,100.0,100.0,74.0,347.0,88.0,567.0,0.0,0.0,0.0,0.0
66,-0.38424609929151593,8.990196511149406e-05,-0.8435974717140198,-0.3824445605278015,0.0,94.00000000018167,0.007092198581560294,99.99,2000.0,0.6070921985815603,1410.0,9992451798.0,0.0,100.0,100.0,74.0,382.0,120.0,32.0,602.0,0.0,0.0,0.0
67,-0.1706100284498074,1.774190241121687e-05,0.8385287523269653,-1.0,0.0,39.000000000075374,0.025320056899004295,99.99,5400.0,0.5746799431009957,1406.0,9993451734.0,0.0,100.0,100.0,92.0,416.0,66.0,30.0,602.0,0.0,0.0,0.0
68,2.7344850205792963,4.999999873689376e-06,-0.8953889012336731,-0.1465245485305786,64.66862061236202,32.000000000061846,0.09200581395348839,99.995,-3500.0,0.5079941860465116,1376.0,9993451756.72,0.01,100.0,100.0,92.0,416.0,51.0,617.0,0.0,0.0,0.0,0.0
69,0.0018293376236405978,4.999999873689376e-06,-1.0,-1.0,4.023569023565983,32.000000000061846,0.09926253687315634,99.995,-3500.0,0.5007374631268436,1356.0,9993551754.74,0.01,100.0,100.0,92.0,421.0,36.0,607.0,0.0,0.0,0.0,0.0
70,0.2762704738142927,4.999999873689376e-06,-0.455544114112854,0.535507082939148,7.410873751091003,0.0,0.11443768996960485,99.995,-4500.0,0.48556231003039513,1316.0,9993801719.54,0.01,100.0,100.0,92.0,421.0,26.0,577.0,0.0,0.0,0.0,0.0
71,2.927027264211509,5.9558449720498174e-05,0.6530313491821289,0.9901080131530762,68.29984084404299,17.99999999998363,0.1471311475409836,99.985,5100.0,0.45286885245901637,1464.0,9995121674.18,0.01,0.0,100.0,100.0,92.0,506.0,29.0,577.0,60.0,0.0,0.0
72,-0.14192173913036848,2.675916039152071e-05,-1.0,-1.0,0.0,17.99999999998363,0.13804347826086955,99.99,3400.0,0.46195652173913043,1472.0,9994581782.18,0.0,100.0,100.0,92.0,496.0,19.0,28.0,577.0,60.0,0.0,0.0
73,-1.320054071095325,9.999999747378752e-05,0.2287766933441162,1.0,-26.097919982367955,21.500000000041553,0.11714534377719754,99.995,7000.0,0.7171453437771975,1149.0,9994061772.0,0.01,0.0,100.0,87.0,455.0,63.0,284.0,160.0,0.0,0.0,0.0
74,0.6025052494684258,5.937420792179182e-05,-1.0,-1.0,21.000717004983983,67.00000000012949,0.14235403151065806,99.99,5300.0,0.742354031510658,1079.0,9994301817.0,0.02,0.0,0.0,100.0,87.0,468.0,264.0,160.0,0.0,0.0,0.0
75,-0.39162638526989724,3.444805042818189e-05,-0.7330636978149414,-1.0,-3.0459154817129956,45.50000000008794,0.1405703771849126,99.99,3900.0,0.7405703771849126,1087.0,9994341866.8,0.02,0.0,0.0,100.0,121.0,428.0,278.0,160.0,0.0,0.0,0.0
76,0.5678600512989478,9.549714741297066e-05,-0.4055246114730835,-0.715803861618042,14.046632486554984,0.0,0.12847682119205295,99.99,3400.0,0.7284768211920529,1057.0,9994661922.0,0.02,0.0,0.0,200.0,216.0,223.0,258.0,160.0,0.0,0.0,0.0
77,-0.1707521048452874,9.999999747378752e-05,0.8099390268325806,0.4416046142578125,0.0,22.00000000004252,0.1633042096902304,99.99,5300.0,0.7633042096902304,1259.0,9993662122.0,0.02,0.0,0.0,200.0,216.0,304.0,279.0,160.0,100.0,0.0,0.0
78,0.06194760405935712,7.325036858674139e-05,-1.0,-0.12424033880233765,5.2532353201669935,22.00000000004252,0.17069597069597076,99.99,3800.0,0.7706959706959707,1365.0,9993212167.0,0.0,0.0,200.0,221.0,299.0,63.0,43.0,279.0,160.0,100.0,0.0
79,-0.2094449084666332,4.999999873689376e-06,-0.7174805998802185,1.0,0.0,50.49999999995407,0.009839816933638446,99.985,7600.0,0.6098398169336384,874.0,9995591376.0,0.01,0.0,0.0,100.0,134.0,268.0,13.0,159.0,100.0,100.0,0.0
80,0.5205205882347583,9.999999747378752e-05,-0.6238170862197876,0.28421759605407715,20.99999999997999,98.99999999990996,0.04705882352941182,99.99,11700.0,0.6470588235294118,1054.0,9995091426.0,0.0,0.0,100.0,155.0,247.0,80.0,113.0,159.0,100.0,100.0,0.0
81,0.26678467979141207,3.307176666567102e-05,-0.8247206211090088,-0.41200780868530273,10.406717164085023,48.49999999995589,0.010185185185185186,99.99,6800.0,0.6101851851851852,1080.0,9995451390.0,0.0,0.0,100.0,155.0,247.0,93.0,77.0,208.0,100.0,100.0,0.0
82,0.32561763230637564,3.268019645474851e-05,1.0,0.06468796730041504,7.442899363690003,0.0,0.01862567811934901,99.99,2600.0,0.581374321880651,1106.0,9995741394.0,0.0,0.0,100.0,155.0,280.0,73.0,15.0,283.0,100.0,100.0,0.0
83,0.04562010938105105,7.415281288558617e-05,0.9642131328582764,-0.6552544236183167,1.2780736281010263,0.0,0.02378640776699026,99.99,3600.0,0.6237864077669902,1236.0,9995101606.0,0.0,0.0,100.0,229.0,286.0,53.0,79.0,289.0,100.0,100.0,0.0
84,-0.059763953307403986,4.6117958845570683e-05,-1.0,1.0,-0.9027552674270396,0.0,0.03827993254637441,99.99,7200.0,0.6382799325463744,1186.0,9994741596.0,0.0,0.0,100.0,229.0,286.0,33.0,49.0,289.0,100.0,100.0,0.0
85,-0.5007992168554583,3.0306886401376687e-05,-1.0,0.14307570457458496,-7.246952293761012,40.99999999996271,0.01727272727272733,99.985,5900.0,0.6172727272727273,1100.0,9995431527.0,0.01,0.0,0.0,100.0,229.0,281.0,1.0,289.0,100.0,100.0,0.0
86,-0.4560157376661679,9.587146632838994e-05,-1.0,0.09154534339904785,-2.8688506077549505,71.99999999993452,0.0706349206349206,99.99,6800.0,0.6706349206349206,1260.0,9994571613.0,0.0,0.0,105.0,229.0,266.0,85.0,86.0,289.0,100.0,100.0,0.0
87,-0.2477640494531921,9.445197065360844e-06,0.08128035068511963,-0.8725564479827881,-2.2950804862030054,30.999999999971806,0.0378708551483421,99.99,5800.0,0.6378708551483421,1146.0,9994791600.0,0.0,0.0,105.0,229.0,275.0,24.0,24.0,289.0,100.0,100.0,0.0
88,-0.06259332444084043,5.127704753249418e-06,0.8312699794769287,-0.21628785133361816,-1.1034040799059994,0.0,0.025880281690140894,99.99,4800.0,0.6258802816901409,1136.0,9994841600.0,0.0,0.0,105.0,229.0,285.0,14.0,4.0,299.0,100.0,100.0,0.0
89,-0.26584288004390016,9.999999747378752e-05,0.49707531929016113,-1.0,-5.296339583549013,0.0,0.05501519756838913,99.99,-100.0,0.6550151975683891,1316.0,9993831901.0,0.0,0.0,105.0,329.0,285.0,14.0,55.0,299.0,129.0,100.0,0.0
90,0.2843754207570873,7.553347677458078e-05,0.15519356727600098,1.0,7.999999999993008,10.49999999999045,0.06619915848527347,99.99,100.0,0.6661991584852734,1426.0,9993421942.0,0.0,0.0,105.0,329.0,299.0,65.0,25.0,299.0,204.0,100.0,0.0
91,-0.16915816582910703,1.7848797142505646e-05,-0.6715332865715027,-1.0,0.0,10.49999999999045,0.25326633165829143,99.99,3500.0,0.34673366834170855,796.0,9997740961.0,0.0,0.0,105.0,188.0,120.0,3.0,15.0,261.0,104.0,0.0,0.0
92,-0.1465928275289608,9.999999747378752e-05,-1.0,0.21474134922027588,0.0,16.499999999984993,0.15953565505804312,99.99,2300.0,0.7595356550580431,603.0,9996651066.14,0.0,0.0,5.0,162.0,65.0,100.0,100.0,67.0,104.0,0.0,0.0
93,-0.26747505511797,2.8640703021665104e-05,1.0,0.19665205478668213,-2.574609519776004,16.499999999984993,0.16958525345622122,99.99,800.0,0.7695852534562212,651.0,9996511109.14,0.0,0.0,5.0,162.0,94.0,100.0,85.0,101.0,104.0,0.0,0.0
94,-0.5823356580572707,4.999999873689376e-06,0.6239144802093506,-1.0,-11.46852697877398,0.0,0.13250388802488333,99.99,800.0,0.7325038880248833,643.0,9997061048.06,0.0,0.0,5.0,167.0,105.0,80.0,70.0,112.0,104.0,0.0,0.0
95,-0.1457693346427993,4.999999873689376e-06,0.08969831466674805,-0.6485211849212646,-2.2931521528379903,0.0,0.08515497553017948,99.99,-3300.0,0.6851549755301795,613.0,9996801076.18,0.0,0.0,5.0,167.0,110.0,70.0,24.0,133.0,104.0,0.0,0.0
96,-0.1670372941823635,6.812874926254153e-05,-0.1380680799484253,-0.6380888819694519,-2.527172592863053,0.0,0.10662905500705222,99.99,-3800.0,0.7066290550070522,709.0,9996471172.12,0.0,0.0,5.0,167.0,178.0,50.0,67.0,138.0,104.0,0.0,0.0
97,-0.07358802379268939,5.0148892114521004e-06,1.0,0.47492218017578125,-1.5974873385009687,0.0,0.003402187120291611,99.99,-800.0,0.5965978128797084,823.0,9996821138.92,0.0,0.0,5.0,167.0,250.0,20.0,67.0,210.0,104.0,0.0,0.0
98,0.48284523918520306,5.122232687426731e-05,-0.3696385622024536,-1.0,11.847494035978968,7.000000000013529,0.043883984867591375,99.995,-14000.0,0.5561160151324086,793.0,9995451383.78,0.01,0.0,5.0,167.0,250.0,10.0,257.0,104.0,0.0,0.0,0.0
99,0.0006281160561515675,2.7603207854554057e-05,-0.2826523780822754,-0.5532217025756836,1.5745638305310194,7.000000000013529,0.08375451263537903,99.995,-18800.0,0.516245487364621,831.0,9994891414.64,0.01,0.0,5.0,167.0,250.0,44.0,217.0,148.0,0.0,0.0,0.0
100,-0.9697372859377528,1.8479760910850018e-05,-1.0,0.9595258235931396,-19.90362693030397,0.0,0.14814814814814814,99.995,-18000.0,0.45185185185185184,945.0,9995171354.82,0.01,0.0,5.0,167.0,312.0,44.0,269.0,148.0,0.0,0.0,0.0
101,-2.5178706463043814,5.3646639571525156e-05,-0.35453224182128906,1.0,-54.61325941559204,0.0,0.12054794520547946,99.995,-13200.0,0.4794520547945205,949.0,9995751225.58,0.01,0.0,5.0,167.0,312.0,51.0,212.0,202.0,0.0,0.0,0.0
102,0.09896380639772459,7.934986206237227e-05,1.0,-0.5684084296226501,3.305148447134002,0.0,0.09953574744661098,99.995,-18000.0,0.500464252553389,1077.0,9994461374.18,0.01,0.0,5.0,167.0,391.0,31.0,215.0,268.0,0.0,0.0,0.0
103,0.32947222358172756,3.166319947922602e-05,-0.36810219287872314,-1.0,8.104693586623,0.0,0.07047797563261482,99.995,-21200.0,0.5295220243673852,1067.0,9993941462.38,0.01,0.0,5.0,167.0,423.0,4.0,200.0,268.0,0.0,0.0,0.0
104,-1.6255640734739143,9.612715803086758e-05,-0.9767348766326904,1.0,-35.30925732525799,0.0,0.07329498767460962,99.99,-9000.0,0.5267050123253904,1217.0,9995301311.78,0.02,0.0,0.0,5.0,167.0,497.0,184.0,364.0,0.0,0.0,0.0
105,1.067362998072026,5.608561332337558e-05,-0.7584652900695801,-0.38115787506103516,24.980219958777013,0.0,0.1134938001458789,99.99,-11600.0,0.4865061998541211,1371.0,9994781465.74,0.02,0.0,0.0,5.0,264.0,467.0,174.0,461.0,0.0,0.0,0.0
106,-0.06001357773251867,1.974395854631439e-05,1.0,0.34425902366638184,0.0,0.0,0.12002715546503734,99.985,-11600.0,0.47997284453496264,1473.0,9994581505.74,0.01,0.0,41.0,5.0,264.0,487.0,21.0,174.0,461.0,20.0,0.0
107,0.15749551139585902,9.323708218289539e-05,-0.2591713070869446,-1.0,4.621539896675017,0.0,0.10094756790903348,99.985,-19900.0,0.4990524320909665,1583.0,9992921939.98,0.01,0.0,41.0,5.0,432.0,384.0,66.0,174.0,461.0,20.0,0.0
108,0.15781156664379464,6.498933089460479e-06,1.0,1.0,4.6215398966759835,0.0,0.10031545741324921,99.985,-18900.0,0.49968454258675077,1585.0,9993061921.22,0.01,0.0,41.0,5.0,437.0,380.0,61.0,180.0,461.0,20.0,0.0
109,-0.06809116809116808,2.222217881353572e-05,-0.911135196685791,-0.9433040022850037,0.0,0.0,0.13618233618233616,99.99,-21100.0,0.4638176638176638,1755.0,9992622009.22,0.0,41.0,5.0,437.0,380.0,80.0,51.0,280.0,461.0,20.0,0.0
110,-0.06,6.465389742515981e-05,-0.29523324966430664,-0.29358506202697754,0.0,0.0,0.12,99.99,-27600.0,0.48,800.0,9994621439.22,0.0,0.0,41.0,173.0,169.0,26.0,51.0,106.0,214.0,20.0,0.0
111,-4.066691746528633,9.927102655638009e-05,-0.35979318618774414,1.0,-89.303676238648,0.0,0.09605263157894739,99.995,-27700.0,0.5039473684210526,760.0,9994611209.62,0.01,0.0,41.0,173.0,169.0,6.0,137.0,214.0,20.0,0.0,0.0
112,0.9119436831642381,6.509975355584174e-05,-0.24584120512008667,-0.7396351099014282,21.204831418856998,0.0,0.08454746136865343,99.985,-28300.0,0.5154525386313465,906.0,9994101328.02,0.01,0.0,0.0,41.0,173.0,248.0,73.0,137.0,214.0,20.0,0.0
113,5.5829705290046245,4.999999873689376e-06,-1.0,-1.0,126.394778878946,0.0,0.20958904109589038,99.985,-17800.0,0.3904109589041096,876.0,9996301130.78,0.01,0.0,0.0,41.0,273.0,128.0,63.0,137.0,214.0,20.0,0.0
114,-0.46690124091093277,7.234554504975677e-05,-0.031672894954681396,1.0,0.8296607711029651,103.50000000020003,0.17012195121951218,99.995,-17300.0,0.4298780487804878,984.0,9995971165.44,0.01,0.0,41.0,273.0,128.0,44.0,264.0,214.0,20.0,0.0,0.0
115,-2.4360800557217486,4.4925174734089524e-05,-1.0,0.6316801309585571,-43.438285607357955,103.50000000020003,0.12436440677966099,99.995,-10900.0,0.475635593220339,944.0,9996801040.56,0.01,0.0,41.0,273.0,143.0,19.0,234.0,214.0,20.0,0.0,0.0
116,-0.272083569623885,4.999999873689376e-06,1.0,1.0,-4.4143571027530015,0.0,0.14687499999999998,99.995,-8500.0,0.453125,960.0,9997230993.72,0.01,0.0,41.0,273.0,143.0,22.0,219.0,237.0,25.0,0.0,0.0
117,-3.912984672851378,9.999999747378752e-05,-0.21468424797058105,1.0,-82.92584807228604,26.4999999999759,0.14799301919720764,100.0,-800.0,0.45200698080279234,1146.0,9997730828.0,0.0,41.0,273.0,143.0,122.0,3.0,102.0,437.0,25.0,0.0,0.0
118,-0.19833278443105667,6.474176188930869e-05,1.0,-0.5078017711639404,0.0,34.49999999997999,0.11721556886227541,99.99,-500.0,0.48278443113772457,1336.0,9997140958.0,0.0,0.0,41.0,273.0,208.0,145.0,40.0,167.0,437.0,25.0,0.0
119,0.7311624438458528,2.6340077965869568e-05,-1.0,0.816615104675293,17.000000000009038,8.000000000004093,0.0028751123090745567,99.99,2100.0,0.6028751123090745,1113.0,9997220984.0,0.0,0.0,0.0,193.0,231.0,115.0,37.0,193.0,319.0,25.0,0.0
120,-0.07036455003920694,4.999999873689376e-06,-0.03285825252532959,-0.8860315084457397,-1.3461538461569944,0.0,0.019575253924284386,99.99,2100.0,0.6195752539242844,1083.0,9997220989.0,0.0,0.0,0.0,193.0,236.0,100.0,17.0,193.0,319.0,25.0,0.0
121,-0.002508960573476715,9.999999747378752e-05,-0.05766862630844116,1.0,0.0,0.0,0.00501792114695343,100.0,2800.0,0.6050179211469534,1395.0,9996320996.0,0.0,0.0,193.0,236.0,178.0,83.0,283.0,397.0,25.0,0.0,0.0
122,-0.0033842070338420682,7.56260342313908e-05,1.0,0.525465726852417,0.0,0.0,0.0067684140676841364,100.0,-3400.0,0.5932315859323158,1507.0,9994940996.0,0.0,0.0,193.0,236.0,178.0,139.0,201.0,459.0,101.0,0.0,0.0
123,0.28980531813800553,2.5585832190699875e-05,0.44599759578704834,1.0,7.056680161928966,0.0,0.05549057829759585,100.0,-12200.0,0.5445094217024041,1539.0,9994110996.0,0.0,0.0,193.0,236.0,178.0,155.0,103.0,459.0,215.0,0.0,0.0
124,0.18973528250914184,2.410328306723386e-05,-1.0,0.10930323600769043,5.292510121447037,0.0,0.09685534591194966,100.0,-12200.0,0.5031446540880503,1431.0,9994760995.98,0.0,0.0,193.0,236.0,178.0,101.0,49.0,459.0,215.0,0.0,0.0
125,-0.049844816883923004,9.999999747378752e-05,-1.0,0.14344406127929688,0.0,0.0,0.09968963376784601,100.0,-2800.0,0.500310366232154,1611.0,9995740995.98,0.0,0.0,193.0,236.0,272.0,97.0,139.0,459.0,215.0,0.0,0.0
126,-0.05871926815323042,9.432799561182037e-05,-0.18811899423599243,0.11602199077606201,0.0,0.0,0.11743853630646084,100.0,2200.0,0.48256146369353914,1749.0,9995600996.0,0.0,0.0,193.0,236.0,372.0,91.0,89.0,553.0,215.0,0.0,0.0
127,-0.07819548872180451,4.999999873689376e-06,-1.0,-0.49504977464675903,0.0,0.0,0.15639097744360902,100.0,-4500.0,0.44360902255639095,1729.0,9995280996.0,0.0,0.0,193.0,236.0,372.0,86.0,17.0,610.0,215.0,0.0,0.0
128,0.22559057383231465,9.999999747378752e-05,0.37285375595092773,-0.34958112239837646,6.728725474914995,0.0,0.1544041450777202,99.995,-7600.0,0.44559585492227977,1737.0,9995331096.0,0.01,0.0,0.0,193.0,236.0,462.0,21.0,610.0,215.0,0.0,0.0
129,-0.0704320666319625,5.355913162929937e-05,1.0,0.14955246448516846,0.0,0.0,0.140864133263925,99.995,-7600.0,0.459135866736075,1921.0,9994791150.0,0.01,0.0,0.0,193.0,236.0,559.0,54.0,664.0,215.0,0.0,0.0
130,0.19624542124551075,9.999999747378752e-05,1.0,0.03183150291442871,5.0000000000019895,0.0,0.05750915750915753,99.995,-7100.0,0.6575091575091575,1638.0,9993891250.0,0.01,0.0,0.0,93.0,164.0,501.0,24.0,641.0,215.0,0.0,0.0
131,-0.029184549356223166,3.1593634048476815e-05,-0.9803910851478577,-1.0,0.0,0.0,0.05836909871244633,99.995,-10300.0,0.5416309012875536,1165.0,9995820734.0,0.01,0.0,0.0,0.0,37.0,474.0,14.0,450.0,190.0,0.0,0.0
132,-0.6768416167664473,7.502662629121915e-05,-0.4782150983810425,1.0,-5.400000000007992,102.99999999990632,0.03338323353293415,100.005,-7900.0,0.5666167664670658,1336.0,9995550723.2,0.01,0.0,0.0,32.0,516.0,51.0,547.0,190.0,0.0,0.0,0.0
133,-0.3752096919192696,1.523623268440133e-05,1.0,-0.3230915665626526,1.5395683453219817,102.99999999990632,0.0546805349182764,100.005,-11200.0,0.5453194650817236,1346.0,9995170698.26,0.01,0.0,0.0,32.0,531.0,41.0,509.0,233.0,0.0,0.0,0.0
134,-0.008063692829178765,4.999999873689376e-06,-1.0,-1.0,1.1089874369080235,0.0,0.11593625498007964,100.005,-10700.0,0.48406374501992033,1506.0,9995270710.46,0.01,0.0,0.0,32.0,631.0,31.0,579.0,233.0,0.0,0.0,0.0
135,-0.008594674561324504,4.999999873689376e-06,-1.0,-1.0,1.026227180431988,0.0,0.10954979536152792,100.005,-10700.0,0.49045020463847205,1466.0,9995320717.5,0.01,0.0,0.0,32.0,631.0,21.0,544.0,238.0,0.0,0.0,0.0
136,-1.8044869169137492,4.1194412915501744e-05,-0.4569748640060425,0.77141273021698,-36.792468560249006,0.0,0.29765166340508803,100.005,-9300.0,0.30234833659491195,1022.0,9997950408.92,0.01,0.0,0.0,32.0,382.0,21.0,383.0,204.0,0.0,0.0,0.0
137,0.020983757429979683,6.866799958515912e-05,0.29220056533813477,-0.8614489436149597,3.2682380878159734,0.0,0.25217391304347825,100.0,-14000.0,0.34782608695652173,1150.0,9997130477.92,0.0,0.0,0.0,32.0,451.0,21.0,22.0,420.0,204.0,0.0,0.0
138,0.9902975474640088,9.544689964968711e-05,0.7646126747131348,-0.21920394897460938,30.401607924979032,69.99999999993634,0.18854961832061068,99.995,-10900.0,0.4114503816793893,1310.0,9996900593.7,0.01,0.0,0.0,0.0,32.0,547.0,12.0,515.0,204.0,0.0,0.0
139,-0.5052202977766762,3.124947761534713e-05,1.0,1.0,2.0757088985440078,126.9999999998845,0.16855439642324888,100.005,-11100.0,0.4314456035767511,1342.0,9996670597.84,0.01,0.0,0.0,32.0,547.0,21.0,502.0,240.0,0.0,0.0,0.0
140,-0.22221753565549177,5.9216989029664546e-05,1.0,-0.744435727596283,2.075708898544974,56.99999999994816,0.16954887218045112,100.005,-10100.0,0.43045112781954886,1596.0,9996280660.98,0.01,0.0,0.0,32.0,606.0,94.0,624.0,240.0,0.0,0.0,0.0
141,-0.004417670682730912,5.552444054046646e-05,0.6586565971374512,-1.0,0.0,0.0,0.008835341365461824,100.005,-16400.0,0.5911646586345382,1245.0,9995090709.98,0.01,0.0,0.0,32.0,325.0,130.0,649.0,109.0,0.0,0.0,0.0
142,0.1026284761433852,4.999999873689376e-06,-0.3132287263870239,0.2818206548690796,2.5255307623700105,0.0,0.022040816326530543,100.005,-18200.0,0.5779591836734694,1225.0,9994960687.02,0.01,0.0,0.0,32.0,325.0,125.0,626.0,117.0,0.0,0.0,0.0
143,-3.190190900955997,9.999999747378752e-05,-1.0,0.90348219871521,-70.63784114691902,0.0,0.022976098689282964,100.005,-8200.0,0.6229760986892829,1297.0,9995960645.8,0.01,0.0,0.0,32.0,325.0,161.0,662.0,117.0,0.0,0.0,0.0
144,1.166571438732313,9.999999747378752e-05,1.0,0.653396487236023,26.29853139592501,0.0,0.03372494816862481,100.005,-3100.0,0.6337249481686248,1447.0,9996180678.42,0.01,0.0,0.0,32.0,325.0,231.0,642.0,217.0,0.0,0.0,0.0
145,-0.010340398201669876,1.4993449440225959e-05,-0.8628372550010681,-0.9758869409561157,0.0,0.0,0.020680796403339752,100.005,-6600.0,0.5793192035966602,1557.0,9995580663.42,0.01,0.0,0.0,32.0,340.0,266.0,622.0,297.0,0.0,0.0,0.0
146,-0.09598662207357858,5.887242150492966e-05,-0.07064652442932129,-0.8251492977142334,0.0,0.0,0.19197324414715716,100.005,-14500.0,0.4080267558528428,1196.0,9996310479.42,0.01,0.0,0.0,0.0,306.0,187.0,478.0,225.0,0.0,0.0,0.0
147,0.10731567031145836,9.999999747378752e-05,0.04280900955200195,-1.0,4.573288082993997,0.0,0.196964586846543,100.005,-33500.0,0.403035413153457,1186.0,9993510488.56,0.01,0.0,0.0,0.0,406.0,77.0,378.0,325.0,0.0,0.0,0.0
148,0.07749499625101358,9.024976316140965e-05,1.0,-1.0,3.6048270771830175,0.0,0.1694444444444444,100.005,-41500.0,0.4305555555555556,1296.0,9991910675.76,0.01,0.0,0.0,90.0,406.0,47.0,428.0,325.0,0.0,0.0,0.0
149,0.19332582770987414,9.999999747378752e-05,1.0,-0.7762267589569092,5.407240615774981,0.0,0.09999999999999998,100.005,-40800.0,0.5,1486.0,9991210786.56001,0.01,0.0,0.0,90.0,513.0,40.0,518.0,325.0,0.0,0.0,0.0
150,0.564049937361086,9.999999747378752e-05,-1.0,-0.8382081985473633,13.730156532446017,0.0,0.10761421319796954,100.0,-50700.0,0.49238578680203043,1576.0,9989440716.98,0.0,0.0,0.0,90.0,513.0,70.0,60.0,421.0,422.0,0.0,0.0
151,1.369459966056168,9.537393634673208e-05,1.0,-0.9403242468833923,31.40513778853898,0.0,0.08754246885617212,100.0,-44600.0,0.5124575311438279,1766.0,9989890969.78,0.0,0.0,0.0,185.0,574.0,9.0,155.0,421.0,422.0,0.0,0.0
152,-0.0425488180883864,9.999999747378752e-05,0.3551795482635498,0.4215993881225586,0.0,0.0,0.0850976361767728,100.0,-52100.0,0.5149023638232272,1946.0,9987950969.78,0.0,0.0,0.0,185.0,573.0,100.0,71.0,595.0,422.0,0.0,0.0
153,-1.33308451697944,5.2448376663960516e-05,-1.0,0.6279369592666626,-29.525216165387974,0.0,0.00889957907396266,100.005,-53000.0,0.5911004209260373,1663.0,9988060962.72,0.01,0.0,0.0,185.0,533.0,124.0,524.0,297.0,0.0,0.0,0.0
154,0.1529262290724141,9.551702532917261e-06,0.5792782306671143,0.039276838302612305,3.531451995115958,0.0,0.011978221415608004,100.005,-54100.0,0.588021778584392,1653.0,9987950948.78,0.01,0.0,0.0,185.0,533.0,124.0,514.0,297.0,0.0,0.0,0.0
155,0.9271433434196081,4.866049130214378e-05,-0.26554906368255615,-1.0,43.401910552049,247.4999999997749,0.04713526284701708,99.995,-47500.0,0.5528647371529829,1693.0,9989121064.58,0.01,0.0,0.0,0.0,185.0,672.0,35.0,504.0,297.0,0.0,0.0
156,-0.4194596648456511,9.999999747378752e-05,-0.44486111402511597,-0.09682190418243408,13.31893983966404,247.4999999997749,0.032873915262889186,99.995,-47500.0,0.5671260847371108,1959.0,9988171171.22,0.01,0.0,0.0,0.0,185.0,805.0,125.0,547.0,297.0,0.0,0.0
157,0.8727766771691592,8.067394810495898e-05,-0.7320461869239807,0.427243709564209,19.612860114998966,0.0,0.019604056011588544,100.0,-41900.0,0.5803959439884114,2071.0,9988481210.42,0.0,0.0,0.0,185.0,841.0,20.0,181.0,547.0,297.0,0.0,0.0
158,-0.10437239814770564,6.737117655575275e-05,-0.16448861360549927,-0.9135903120040894,19.42082814196101,214.4999999998049,0.2191693290734824,99.995,-40900.0,0.38083067092651757,1565.0,9993650567.26,0.01,0.0,0.0,0.0,65.0,529.0,273.0,501.0,197.0,0.0,0.0
159,-0.9654941505984802,9.171214333036914e-05,1.0,-0.3391329050064087,0.0,214.4999999998049,0.19353830119854087,99.995,-41900.0,0.4064616988014591,1919.0,9992630751.26,0.01,0.0,0.0,0.0,257.0,509.0,455.0,501.0,197.0,0.0,0.0
160,-0.005842391304347827,6.350887269945815e-05,1.0,0.9897365570068359,0.0,0.0,0.011684782608695654,99.995,-44900.0,0.5883152173913043,1472.0,9991700814.26,0.01,0.0,0.0,0.0,257.0,490.0,457.0,268.0,0.0,0.0,0.0
161,-0.09492915734526472,4.999999873689376e-06,-1.0,-1.0,0.0,0.0,0.18985831469052944,99.995,-46400.0,0.41014168530947054,1341.0,9992990680.26,0.01,0.0,0.0,0.0,262.0,426.0,547.0,106.0,0.0,0.0,0.0
162,3.285521260690723,4.1315637645311654e-05,1.0,0.852837085723877,75.22747016312798,0.0,0.19942979330007127,99.995,-41400.0,0.4005702066999287,1403.0,9993580751.72,0.01,0.0,0.0,0.0,322.0,397.0,537.0,147.0,0.0,0.0,0.0
163,-0.08670842032011133,8.132732182275504e-05,0.11811268329620361,-1.0,0.0,0.0,0.17341684064022267,99.995,-53500.0,0.4265831593597773,1437.0,9991760994.72,0.01,0.0,0.0,0.0,403.0,353.0,534.0,147.0,0.0,0.0,0.0
164,-0.05326695706285001,9.999999747378752e-05,0.6928741931915283,0.16160798072814941,0.0,0.0,0.10653391412570001,99.995,-55500.0,0.49346608587429996,1607.0,9990561094.72,0.01,0.0,0.0,0.0,408.0,433.0,519.0,247.0,0.0,0.0,0.0
165,-0.03611890072910823,8.434995834250003e-05,0.011783003807067871,0.39094841480255127,0.0,0.0,0.07223780145821646,99.995,-57500.0,0.5277621985417835,1783.0,9989521178.72,0.01,0.0,0.0,0.0,408.0,521.0,583.0,271.0,0.0,0.0,0.0
166,-0.04021447721179622,1.896220419439487e-05,1.0,-0.4270303249359131,0.0,0.0,0.08042895442359244,99.995,-58500.0,0.5195710455764075,1865.0,9989231216.72,0.01,0.0,0.0,0.0,459.0,511.0,624.0,271.0,0.0,0.0,0.0
167,0.36925597823719675,7.845178333809599e-05,-0.05823779106140137,0.5339764356613159,9.982745267486052,0.0,0.1599351175993512,99.995,-61700.0,0.7599351175993512,1233.0,9989051222.68,0.01,0.0,0.0,0.0,234.0,356.0,337.0,306.0,0.0,0.0,0.0
168,0.863905192714574,4.999999873689376e-06,1.0,-0.38223838806152344,20.691370454385947,0.0,0.13441295546558707,99.995,-59700.0,0.734412955465587,1235.0,9989361234.24,0.01,0.0,0.0,0.0,239.0,342.0,348.0,306.0,0.0,0.0,0.0
169,0.876816610138924,1.787814835552126e-05,1.0,-1.0,20.63411633864098,0.0,0.10343725019984018,99.995,-62000.0,0.7034372501998402,1251.0,9989151271.48,0.01,0.0,0.0,0.0,257.0,322.0,323.0,349.0,0.0,0.0,0.0
170,-0.015877437325905297,9.862353908829391e-05,1.0,0.778296709060669,0.0,0.0,0.031754874651810594,99.995,-64300.0,0.5682451253481894,718.0,9992060780.1,0.01,0.0,0.0,0.0,74.0,139.0,248.0,257.0,0.0,0.0,0.0
171,3.0176279560361823,4.999999873689376e-06,-0.6845635771751404,-0.2245205044746399,68.46020780855599,0.0,0.1261627906976744,99.995,-61100.0,0.4738372093023256,688.0,9993100793.04,0.01,0.0,0.0,0.0,141.0,72.0,218.0,257.0,0.0,0.0,0.0
172,0.5460207200938805,5.335721652954817e-05,0.1133875846862793,1.0,38.897267834442005,279.0000000005392,0.14881266490765171,99.99,-52100.0,0.45118733509234826,758.0,9994370796.82,0.0,0.0,0.0,0.0,223.0,25.0,35.0,165.0,310.0,0.0,0.0
173,-0.1538331742917738,2.2616559363086708e-05,-0.5814889669418335,-0.20740461349487305,23.484857335475,279.0000000005392,0.16140350877192983,99.985,-51300.0,0.43859649122807015,798.0,9994450835.78,0.01,0.0,0.0,0.0,0.0,263.0,60.0,165.0,310.0,0.0,0.0
174,-1.2075350993367318,3.936312714358792e-05,0.466849684715271,-1.0,0.0,275.999999999749,0.17947019867549668,99.99,-56000.0,0.4205298013245033,906.0,9993591038.78,0.0,0.0,0.0,39.0,224.0,54.0,114.0,165.0,310.0,0.0,0.0
175,-2.304621670426846,5.752195284003392e-05,-1.0,-0.5042399764060974,0.0,555.9999999994943,0.10564334085778782,99.985,-61700.0,0.49435665914221216,886.0,9992451217.78,0.01,0.0,0.0,0.0,39.0,273.0,99.0,165.0,310.0,0.0,0.0
176,0.04439652527167994,9.999999747378752e-05,0.028262734413146973,-0.5740842819213867,26.219567634121972,279.99999999974534,0.0029680365296803624,99.985,-70200.0,0.5970319634703196,876.0,9990751710.22,0.01,0.0,0.0,0.0,144.0,158.0,99.0,165.0,310.0,0.0,0.0
177,1.2669740224771726,4.652654752135277e-05,-0.6014684438705444,-1.0,29.045129792422017,0.0,0.08011363636363633,99.985,-73800.0,0.5198863636363636,1056.0,9990231918.26,0.01,0.0,0.0,0.0,290.0,102.0,189.0,165.0,310.0,0.0,0.0
178,0.4089180950306819,4.999999873689376e-06,0.40078234672546387,-0.8258949518203735,9.771670703219002,0.0,0.06161417322834639,99.985,-72600.0,0.5383858267716536,1016.0,9990271934.8,0.01,0.0,0.0,0.0,295.0,77.0,169.0,165.0,310.0,0.0,0.0
179,-0.06530612244897957,4.999999873689376e-06,-0.20849400758743286,-0.9732164144515991,0.0,0.0,0.13061224489795914,99.99,-73100.0,0.46938775510204084,1176.0,9990171959.8,0.0,0.0,0.0,300.0,62.0,90.0,149.0,265.0,310.0,0.0,0.0
180,-0.08377329192546581,4.999999873689376e-06,1.0,-0.7726529240608215,0.0,0.0,0.16754658385093163,99.99,-73600.0,0.43245341614906835,1288.0,9990071979.8,0.0,0.0,0.0,305.0,62.0,146.0,200.0,265.0,310.0,0.0,0.0
181,1.0206114253224552,6.40426660538651e-05,-0.1373823881149292,0.19613409042358398,24.561899758282948,0.0,0.1693481276005548,99.99,-67200.0,0.4306518723994452,1442.0,9990711964.9,0.0,0.0,0.0,305.0,139.0,146.0,136.0,406.0,310.0,0.0,0.0
182,-0.07549575070821529,1.7568900148035027e-05,-0.445515513420105,-0.6510225534439087,0.0,0.0,0.15099150141643058,99.99,-69500.0,0.4490084985835694,1412.0,9990302018.9,0.0,0.0,0.0,305.0,157.0,108.0,126.0,406.0,310.0,0.0,0.0
183,0.014637355851646536,4.999999873689376e-06,-1.0,1.0,1.8913665285040224,0.0,0.14094827586206893,99.99,-69000.0,0.45905172413793105,1392.0,9990352017.68,0.0,0.0,0.0,305.0,157.0,103.0,101.0,416.0,310.0,0.0,0.0
184,-0.0305529522024367,3.6334196920506656e-05,-0.47677433490753174,-0.4156041145324707,0.0,0.0,0.0611059044048734,99.99,-82600.0,0.5388940955951266,1067.0,9988632125.68,0.0,0.0,0.0,200.0,188.0,57.0,71.0,321.0,230.0,0.0,0.0
185,0.8462017913749849,4.52459862572141e-05,-0.03952503204345703,0.5882070064544678,19.66753770218304,0.0,0.07767481044650382,99.99,-78100.0,0.5223251895534962,1187.0,9989082120.02,0.0,0.0,0.0,200.0,188.0,117.0,16.0,366.0,300.0,0.0,0.0
186,-1.2800974088163009,5.471168697113171e-05,-0.09891253709793091,0.9168623685836792,6.992902294109967,390.5000000007547,0.026506024096385472,99.995,-76500.0,0.5734939759036145,1245.0,9988852157.0,0.01,0.0,0.0,200.0,188.0,151.0,401.0,305.0,0.0,0.0,0.0
187,-2.013638697864272,3.125544753856957e-05,-1.0,0.8296849727630615,-9.584236724305015,390.5000000007547,0.0016460905349794386,99.995,-71600.0,0.5983539094650205,1215.0,9989522101.84,0.01,0.0,0.0,200.0,206.0,123.0,381.0,305.0,0.0,0.0,0.0
188,0.09164516733397055,9.999999747378752e-05,-0.9771931171417236,-0.2892194986343384,3.834955608567043,0.0,0.16185567010309276,99.995,-81600.0,0.4381443298969072,776.0,9990291575.5,0.01,0.0,0.0,0.0,149.0,147.0,371.0,109.0,0.0,0.0,0.0
189,-1.5666058957620157,4.739389260066673e-05,-0.05897939205169678,-0.7557437419891357,3.715113245803991,403.00000000077887,0.20327198364008175,99.99,-82200.0,0.3967280163599182,978.0,9989761682.92,0.0,0.0,0.0,0.0,296.0,101.0,21.0,451.0,109.0,0.0,0.0
190,-0.6256363659995194,5.9640005929395556e-05,0.21423828601837158,0.49476826190948486,24.519747422303,403.00000000077887,0.19374999999999998,99.99,-75600.0,0.40625,1088.0,9990481659.96,0.0,0.0,0.0,0.0,352.0,95.0,21.0,511.0,109.0,0.0,0.0
191,0.014790904972650981,4.999999873689376e-06,1.0,-1.0,34.33969540721898,343.5000000006639,0.2786407766990291,99.995,-68700.0,0.3213592233009709,1030.0,9992071579.66,0.01,0.0,0.0,5.0,352.0,61.0,503.0,109.0,0.0,0.0,0.0
192,-0.6886499929396732,5.180486186873168e-05,-1.0,0.7175439596176147,18.65966380019097,343.5000000006639,0.27431972789115644,99.99,-63500.0,0.32568027210884354,1176.0,9992591565.0,0.0,0.0,0.0,5.0,435.0,51.0,21.0,555.0,109.0,0.0,0.0
193,0.33341605513617567,9.999999747378752e-05,-0.2412964105606079,0.37891292572021484,9.329831900094973,0.0,0.17285276073619632,99.995,-60900.0,0.42714723926380366,1304.0,9992111631.66,0.01,0.0,0.0,5.0,440.0,105.0,645.0,109.0,0.0,0.0,0.0
194,-2.7385269881126697,9.296965436078608e-05,-0.335066556930542,0.816137433052063,-59.627908972784894,0.0,0.11054216867469879,99.995,-51600.0,0.4894578313253012,1328.0,9993041512.4,0.01,0.0,0.0,5.0,440.0,117.0,564.0,202.0,0.0,0.0,0.0
195,0.35057072417117585,9.103279808186926e-06,-0.19573479890823364,1.0,9.300824111720999,0.0,0.13593272171253823,99.995,-47500.0,0.46406727828746175,1308.0,9993871447.01999,0.01,0.0,0.0,5.0,440.0,107.0,545.0,211.0,0.0,0.0,0.0
196,-0.06550131926121372,5.739279731642455e-05,0.914191722869873,0.9476417303085327,0.0,0.0,0.13100263852242744,99.995,-48500.0,0.46899736147757254,1516.0,9993201504.01999,0.01,0.0,0.0,5.0,440.0,206.0,535.0,330.0,0.0,0.0,0.0
197,-0.7008420021847596,2.7576767024584115e-05,-1.0,0.46856915950775146,-13.626197649710093,0.0,0.17532621589561087,99.995,-46200.0,0.4246737841043891,1686.0,9993521458.75999,0.01,0.0,0.0,5.0,540.0,196.0,615.0,330.0,0.0,0.0,0.0
198,0.8214587426431963,9.999999747378752e-05,0.6882199048995972,-1.0,19.245953490304032,0.0,0.08921832884097036,99.995,-50400.0,0.5107816711590296,1484.0,9992681681.25999,0.01,0.0,0.0,5.0,603.0,38.0,583.0,255.0,0.0,0.0,0.0
199,-0.6235921273887288,9.999999747378752e-05,-0.7984032034873962,-0.45063114166259766,9.885592178676006,252.00000000048703,0.09568755085435321,99.99,-54700.0,0.6956875508543532,1229.0,9991551804.01999,0.0,0.0,0.0,5.0,364.0,92.0,37.0,510.0,221.0,0.0,0.0
200,-0.9067729024130873,4.999999873689376e-06,0.9351119995117188,-1.0,2.96085320727002,252.00000000048703,0.0388225934765315,99.995,-59900.0,0.6388225934765315,1257.0,9991181846.93999,0.01,0.0,0.0,10.0,364.0,106.0,500.0,277.0,0.0,0.0,0.0
201,0.16011984248180897,4.999999873689376e-06,-1.0,-1.0,3.8564312431509506,0.0,0.026839126919967593,99.995,-68300.0,0.5731608730800324,1237.0,9990391849.63999,0.01,0.0,0.0,10.0,369.0,91.0,490.0,277.0,0.0,0.0,0.0
202,-2.181124515108783,8.294119470519945e-05,-0.8299657702445984,0.6607178449630737,-48.33431087167696,0.0,0.012161051766639286,99.995,-63700.0,0.6121610517666393,1217.0,9990751752.97999,0.01,0.0,0.0,10.0,369.0,81.0,443.0,277.0,37.0,0.0,0.0
203,-0.8799051227000028,3.284696867922321e-05,-1.0,0.9434952735900879,-18.915572360008014,0.0,0.05740873299928417,99.995,-62400.0,0.5425912670007158,1397.0,9990881715.13999,0.01,0.0,0.0,10.0,369.0,181.0,423.0,377.0,37.0,0.0,0.0
204,1.3929086447361756,4.999999873689376e-06,-0.20929157733917236,-0.7501656413078308,32.04446387156804,0.0,0.0981844589687727,99.995,-55700.0,0.5018155410312273,1377.0,9992221650.23999,0.01,0.0,0.0,10.0,444.0,86.0,423.0,377.0,37.0,0.0,0.0
205,-0.04117647058823526,4.412618727656081e-05,-0.07029473781585693,0.07655024528503418,0.0,0.0,0.08235294117647052,99.995,-57800.0,0.5176470588235295,1445.0,9991471694.23999,0.01,0.0,0.0,10.0,444.0,120.0,446.0,388.0,37.0,0.0,0.0
206,-0.04641638225255973,4.999999873689376e-06,-0.8118364214897156,-1.0,0.0,0.0,0.09283276450511946,99.995,-60300.0,0.5071672354948805,1465.0,9991271709.23999,0.01,0.0,0.0,10.0,449.0,130.0,426.0,413.0,37.0,0.0,0.0
207,-0.9540839880905272,3.296796785434708e-05,-0.1419704556465149,1.0,-17.307583769865005,0.0,0.3504854368932039,99.995,-58000.0,0.24951456310679612,1030.0,9993561257.61999,0.01,0.0,0.0,5.0,300.0,120.0,281.0,287.0,37.0,0.0,0.0
208,0.6890891270192963,7.944833487272263e-05,-1.0,-0.9224149584770203,18.77421365219402,0.0,0.3115009746588694,99.995,-62900.0,0.2884990253411306,1026.0,9992781373.15999,0.01,0.0,0.0,5.0,330.0,93.0,274.0,287.0,37.0,0.0,0.0
209,0.19865140954279695,9.791435149963945e-05,1.0,-0.4031193256378174,35.16794637758494,309.50000000059816,0.2608623548922056,99.99,-53600.0,0.33913764510779437,1206.0,9993461473.51999,0.02,0.0,0.0,0.0,5.0,508.0,369.0,287.0,37.0,0.0,0.0
210,4.927512682196233,4.999999873689376e-06,-1.0,-0.7692578434944153,141.05520624084693,309.50000000059816,0.3329931972789115,99.99,-44100.0,0.26700680272108845,1176.0,9995361380.63999,0.02,0.0,0.0,0.0,110.0,393.0,349.0,287.0,37.0,0.0,0.0
211,-4.084715803336846,9.999999747378752e-05,-0.5197679400444031,1.0,-67.94479375911192,220.50000000042616,0.26835016835016834,99.995,-36100.0,0.33164983164983164,1188.0,9996161253.77999,0.01,0.0,0.0,110.0,383.0,21.0,238.0,399.0,37.0,0.0,0.0
212,-0.49574951074125584,6.308058800641447e-05,0.8107945919036865,1.0,27.922132844081943,401.000000000775,0.256390977443609,99.99,-29800.0,0.343609022556391,1330.0,9996791246.65999,0.0,0.0,0.0,110.0,469.0,11.0,3.0,238.0,462.0,37.0,0.0
213,0.21739570834158636,2.4103774194372818e-05,1.0,-1.0,18.55660053618999,117.49999999938012,0.28355263157894733,99.98,-29600.0,0.31644736842105264,1520.0,9996701314.77999,0.0,0.0,0.0,0.0,134.0,556.0,77.0,16.0,238.0,462.0,37.0
214,-0.9776801224363191,4.999999873689376e-06,-1.0,1.0,7.137154052380083,297.99999999972897,0.18390410958904108,99.98,-29100.0,0.4160958904109589,1168.0,9996751319.03999,0.0,0.0,0.0,0.0,134.0,396.0,162.0,21.0,238.0,217.0,0.0
215,0.2350221065731316,4.999999873689376e-06,0.3140377998352051,0.4496128559112549,7.137154052380083,0.0,0.17229965156794425,99.98,-28600.0,0.42770034843205573,1148.0,9996801323.29999,0.0,0.0,0.0,0.0,139.0,376.0,147.0,31.0,238.0,217.0,0.0
216,0.20321350373509448,5.43933174412814e-06,1.0,1.0,6.978077860779877,0.0,0.22159999999999996,99.985,-30400.0,0.3784,1250.0,9996621350.23999,0.01,0.0,0.0,139.0,376.0,61.0,122.0,92.0,243.0,217.0,0.0
217,2.391478659250976,3.967591328546405e-05,0.564368724822998,0.7446999549865723,55.82462288622992,0.0,0.24125874125874125,99.985,-26400.0,0.35874125874125873,1430.0,9997021381.89999,0.01,0.0,0.0,239.0,376.0,51.0,172.0,92.0,283.0,217.0,0.0
218,3.4833253711510346,5.72314384044148e-05,-0.1675003170967102,1.0,79.55008761288013,0.0,0.19285714285714284,99.985,-20700.0,0.40714285714285714,1400.0,9997591427.03999,0.01,0.0,0.0,239.0,381.0,31.0,95.0,92.0,345.0,217.0,0.0
219,0.778260156827266,1.4358811313286424e-05,-0.0532953143119812,-0.0681389570236206,19.53861801019002,0.0,0.20195530726256983,99.985,-20700.0,0.39804469273743015,1432.0,9997591452.11999,0.01,0.0,0.0,239.0,431.0,7.0,51.0,92.0,395.0,217.0,0.0
220,-0.19628465346029758,4.999999873689376e-06,0.16311633586883545,0.4587148427963257,6.844294817050013,100.99999999990814,0.1904558404558404,99.98,-20200.0,0.40954415954415957,1404.0,9997641455.79999,0.0,0.0,0.0,0.0,245.0,418.0,26.0,98.0,400.0,217.0,0.0
221,0.00250429530132449,1.2718711332126986e-05,-0.9345738291740417,-0.23841512203216553,17.795166524329943,195.4999999998222,0.013006396588486124,99.985,-20200.0,0.6130063965884861,938.0,9997641491.39999,0.01,0.0,0.0,140.0,55.0,64.0,13.0,70.0,400.0,196.0,0.0
222,1.3472309901669552,9.999999747378752e-05,-1.0,0.30295050144195557,39.24634986847991,94.49999999991405,0.0722595078299777,99.985,-17600.0,0.6722595078299777,894.0,9997901530.93999,0.01,0.0,0.0,0.0,140.0,92.0,26.0,440.0,196.0,0.0,0.0
223,0.10966642360811235,7.957644265843555e-05,0.6048417091369629,1.0,3.188060442320193,0.0,0.06759259259259265,99.99,-17600.0,0.6675925925925926,1080.0,9997301597.31999,0.0,0.0,0.0,140.0,125.0,60.0,6.0,553.0,196.0,0.0,0.0
224,-3.4602873209759415,8.280688780359924e-05,-1.0,1.0,-67.23437432855008,91.00000000017587,0.13238095238095238,99.995,-12800.0,0.7323809523809524,1050.0,9997781468.87999,0.01,0.0,0.0,140.0,125.0,60.0,529.0,196.0,0.0,0.0,0.0
225,0.19458945473480627,7.406249642372131e-05,-1.0,-0.13704276084899902,14.13566881530005,91.00000000017587,0.14593128390596743,99.99,-12800.0,0.7459312839059674,1106.0,9997501515.13999,0.0,0.0,0.0,140.0,125.0,88.0,38.0,519.0,196.0,0.0,0.0
226,-0.07708095781071836,4.999999873689376e-06,0.8972824811935425,0.23489809036254883,0.0,0.0,0.15416191562143672,99.99,-13800.0,0.44583808437856326,877.0,9997691433.13999,0.0,0.0,0.0,106.0,230.0,88.0,28.0,425.0,0.0,0.0,0.0
227,0.144390429618265,4.999999873689376e-06,0.4382016658782959,0.15911853313446045,5.649990767729832,0.0,0.21971830985915491,99.995,-17500.0,0.38028169014084506,852.0,9997471442.41999,0.01,0.0,0.0,106.0,235.0,68.0,443.0,0.0,0.0,0.0,0.0
228,-2.740933162990205,9.999999747378752e-05,-1.0,1.0,-59.38451900661994,0.0,0.13725961538461534,99.995,-7600.0,0.46274038461538464,832.0,9998651285.69999,0.01,0.0,0.0,106.0,254.0,49.0,323.0,100.0,0.0,0.0,0.0
229,-1.4278767253865117,9.999999747378752e-05,-1.0,0.5241777896881104,-26.88683247371,38.00000000007344,0.1281385281385281,99.99,7300.0,0.47186147186147187,924.0,9999171211.99999,0.0,0.0,0.0,106.0,254.0,80.0,58.0,326.0,100.0,0.0,0.0
