,timestep,Type,Status,Symbol,Size,Executed_size,Price,Executed Price,ID
0,2023-10-10 21:21:17.561853,Type.LIMIT_SELL,Status.FILLED,CS1,300,300,100.0,100.0,cfa8d202-c5cf-4991-98f6-8b040392f8c3
1,2023-10-10 21:21:18.566182,Type.LIMIT_SELL,Status.FILLED,CS1,300,300,99.97,99.98780000000001,09ad5eb3-77b2-4db3-adeb-68f36c8abbb0
2,2023-10-10 21:21:19.567853,Type.LIMIT_SELL,Status.FILLED,CS1,300,300,99.97,99.98063333333334,589a7b11-5934-4d72-acba-c7bbad9c2a93
3,2023-10-10 21:21:20.573309,Type.LIMIT_SELL,Status.FILLED,CS1,300,300,99.99000000000001,99.99,76f0b4c1-f0c0-4802-a6f2-e224aa6e3535
4,2023-10-10 21:21:21.575138,Type.LIMIT_SELL,Status.FILLED,CS1,300,300,99.95,99.97529999999999,df07dab0-63e7-47b8-851d-cfee57fc734e
5,2023-10-10 21:28:02.677205,Type.LIMIT_SELL,Status.FILLED,CS1,300,300,100.26,100.26,fae500e2-12c8-46f7-aa18-25eac2d30b00
6,2023-10-10 21:28:03.679286,Type.LIMIT_SELL,Status.FILLED,CS1,300,300,100.08,100.11613333333334,db546c3b-9917-43ad-a8ef-cffa5c63f3dc
7,2023-10-10 21:28:04.681119,Type.LIMIT_SELL,Status.FILLED,CS1,300,300,100.05,100.05263333333338,b9549e2d-df7f-47b4-aaea-a61ca4076c01
8,2023-10-10 21:28:05.682790,Type.LIMIT_SELL,Status.FILLED,CS1,300,300,100.02,100.03273333333333,031aad43-1669-460b-ae18-5d9487f75ccc
9,2023-10-10 21:28:06.684548,Type.LIMIT_SELL,Status.FILLED,CS1,300,300,99.91,99.99356666666667,30668793-097e-4f67-b707-66089e901620
10,2023-10-10 21:34:47.779511,Type.LIMIT_SELL,Status.FILLED,CS1,300,300,100.05,100.0504666666667,7e0e9638-ebee-4692-ba74-efb4b98f69e6
11,2023-10-10 21:34:48.781052,Type.LIMIT_SELL,Status.FILLED,CS1,300,300,99.98,100.01243333333335,c9c087ce-6bbd-4d36-9970-8ecb378cc2c7
12,2023-10-10 21:34:49.782662,Type.LIMIT_SELL,Status.FILLED,CS1,300,300,99.98,100.00503333333333,e0546eeb-4b1a-4cc5-baa1-aedea6e6350e
13,2023-10-10 21:34:50.783445,Type.LIMIT_SELL,Status.FILLED,CS1,300,300,100.02,100.02283333333337,e2bf4da7-ac9b-4e26-aa43-7ec0f0c687d6
14,2023-10-10 21:34:51.785122,Type.LIMIT_SELL,Status.FILLED,CS1,300,300,99.94,99.96466666666669,3a7a51f6-4843-40c0-9029-377091bb2e0e
15,2023-10-10 21:41:32.883487,Type.LIMIT_SELL,Status.FILLED,CS1,300,300,99.92,99.95746666666668,fcc01aa5-ead3-4da6-bb77-8a642d0d535b
16,2023-10-10 21:41:33.884928,Type.LIMIT_SELL,Status.FILLED,CS1,300,300,99.77,99.93826666666666,986ff902-8212-4bac-8f4e-1c7121ce45ec
17,2023-10-10 21:41:34.886544,Type.LIMIT_SELL,Status.FILLED,CS1,300,300,99.94,99.94183333333329,53ff4691-5205-40ba-bf55-7914438b326f
18,2023-10-10 21:41:35.887211,Type.LIMIT_SELL,Status.FILLED,CS1,300,300,99.91,99.92993333333334,d7693356-dc04-472b-ad16-9b270534c913
19,2023-10-10 21:41:36.888997,Type.LIMIT_SELL,Status.FILLED,CS1,300,300,99.91,99.91573333333332,1ab2ab6a-33ff-4e0d-84b6-93069e215e04
20,2023-10-10 21:48:17.990704,Type.LIMIT_SELL,Status.FILLED,CS1,300,300,99.92,99.95153333333334,b3923e36-5120-4363-adf4-b89b45ad7e90
21,2023-10-10 21:48:18.991516,Type.LIMIT_SELL,Status.FILLED,CS1,300,300,99.74000000000001,99.94,2a1cc306-3016-4d52-8fa1-160348dff421
22,2023-10-10 21:48:19.993190,Type.LIMIT_SELL,Status.FILLED,CS1,300,300,99.97,99.9705,7026e5ef-d4ce-4a50-9dc0-af4fedae6b82
23,2023-10-10 21:48:20.994740,Type.LIMIT_SELL,Status.FILLED,CS1,300,300,99.9,99.93,b0844a6f-a2ed-4b9f-b69b-ba414a92d9d9
24,2023-10-10 21:48:21.995387,Type.LIMIT_SELL,Status.FILLED,CS1,300,300,99.83,99.91633333333333,33fc6687-ac14-4b77-88ee-d35f320727ae
25,2023-10-10 21:55:03.096245,Type.LIMIT_SELL,Status.FILLED,CS1,300,300,99.93,99.93833333333336,75de0dbb-2572-462c-b010-3511a158da00
26,2023-10-10 21:55:04.097672,Type.LIMIT_SELL,Status.FILLED,CS1,300,300,99.89,99.89290000000001,04c25a7c-be8b-443c-afd0-9d3a4695c186
27,2023-10-10 21:55:05.098748,Type.LIMIT_SELL,Status.FILLED,CS1,300,300,99.7,99.82513333333333,a7b62b0d-3304-4dea-a922-07fe38e8d8de
28,2023-10-10 21:55:06.100276,Type.LIMIT_SELL,Status.FILLED,CS1,300,300,99.64,99.79363333333335,da9a6e45-be2f-453b-a6d4-de0b12cad018
29,2023-10-10 21:55:07.101939,Type.LIMIT_SELL,Status.FILLED,CS1,300,300,99.73,99.73923333333332,448f7ef3-79e7-4608-b200-afbbb8edc6a1
30,2023-10-10 22:01:48.203256,Type.LIMIT_SELL,Status.FILLED,CS1,300,300,99.87,99.94059999999998,4e6bc488-7ed0-4c7b-97ef-67ecb7f0630d
31,2023-10-10 22:01:49.204976,Type.LIMIT_SELL,Status.FILLED,CS1,300,300,99.88,99.94276666666666,155bfd66-773c-4c84-926b-3112cad83c7b
32,2023-10-10 22:01:50.206556,Type.LIMIT_SELL,Status.FILLED,CS1,300,300,99.78,99.92876666666668,2ee7e5a2-201f-4dde-8f87-d2c940127325
33,2023-10-10 22:01:51.208197,Type.LIMIT_SELL,Status.FILLED,CS1,300,300,99.82000000000001,99.91996666666668,952d4092-245c-4bb4-a80d-360c06f4322d
34,2023-10-10 22:01:52.210447,Type.LIMIT_SELL,Status.FILLED,CS1,300,300,99.64,99.71336666666666,fbb2e649-2e69-4203-b116-154b8fc9c73a
35,2023-10-10 22:08:33.311545,Type.LIMIT_SELL,Status.FILLED,CS1,300,300,100.11,100.15793333333333,de0a4c98-f985-43b4-976d-62d22f233a8f
36,2023-10-10 22:08:34.312636,Type.LIMIT_SELL,Status.FILLED,CS1,300,300,100.07000000000001,100.14220000000002,8cce1ff5-82d2-40a6-90ce-a694423f37fa
37,2023-10-10 22:08:35.314441,Type.LIMIT_SELL,Status.FILLED,CS1,300,300,99.94,100.1374,509472d9-f8fd-436d-9456-37bf7c81abb5
38,2023-10-10 22:08:36.315366,Type.LIMIT_SELL,Status.FILLED,CS1,300,300,100.08,100.13333333333334,afc71549-bc30-4805-9bb6-cdc771fefff1
39,2023-10-10 22:08:37.317239,Type.LIMIT_SELL,Status.FILLED,CS1,300,300,99.91,100.03926666666665,5ccb9989-d328-4a40-a505-77a54a72e3a6
40,2023-10-10 22:15:18.402552,Type.LIMIT_SELL,Status.FILLED,CS1,300,300,100.31,100.32786666666667,2b556048-6f06-43eb-a3d7-fce0487f34a2
41,2023-10-10 22:15:19.403475,Type.LIMIT_SELL,Status.FILLED,CS1,300,300,100.31,100.32083333333333,1f6d94f8-6b08-4f35-8c74-4e25abc74428
42,2023-10-10 22:15:20.404275,Type.LIMIT_SELL,Status.FILLED,CS1,300,300,100.27,100.30483333333333,3de8faa4-5ff4-48b6-ba87-9952a4cb9581
43,2023-10-10 22:15:21.405999,Type.LIMIT_SELL,Status.FILLED,CS1,300,300,100.22,100.28086666666667,1dccffdb-76ba-4488-a587-8ce5e44e864e
44,2023-10-10 22:15:22.407475,Type.LIMIT_SELL,Status.FILLED,CS1,300,300,100.22,100.24129999999998,cfe65895-a168-49f8-a133-7d28ab1e32e9
45,2023-10-10 22:22:03.463440,Type.LIMIT_SELL,Status.FILLED,CS1,300,300,100.19,100.22113333333333,08d041f3-35f0-46fe-87e3-fb78126fefa4
46,2023-10-10 22:22:04.464918,Type.LIMIT_SELL,Status.FILLED,CS1,300,300,100.19,100.21999999999998,dc37d3c2-44bf-4581-b20f-ca2fd6d9ae98
47,2023-10-10 22:22:05.466409,Type.LIMIT_SELL,Status.FILLED,CS1,300,300,100.16,100.21079999999998,b4d30fbe-4b8a-462a-9230-c96baec401f4
48,2023-10-10 22:22:06.467562,Type.LIMIT_SELL,Status.FILLED,CS1,300,300,100.25,100.25,e6ac1934-4c64-4421-848e-98a9fbdfd489
49,2023-10-10 22:22:07.469135,Type.LIMIT_SELL,Status.FILLED,CS1,300,300,100.22,100.21999999999997,e48609ea-d746-4191-b2ef-adf81e019527
50,2023-10-10 22:28:48.556418,Type.LIMIT_SELL,Status.FILLED,CS1,300,300,100.18,100.20656666666667,43003299-c909-4053-b321-bdef9e6a9739
51,2023-10-10 22:28:49.558265,Type.LIMIT_SELL,Status.FILLED,CS1,300,300,100.22,100.2212,e5ba631c-fae9-422c-9c62-13509dc48d3d
52,2023-10-10 22:28:50.559910,Type.LIMIT_SELL,Status.FILLED,CS1,300,300,100.14,100.19,b000f7c0-9196-4430-a337-93d7e4558a94
53,2023-10-10 22:28:51.561686,Type.LIMIT_SELL,Status.FILLED,CS1,300,300,100.14,100.18863333333334,fb9a545d-ce70-4a6c-a9c3-07fe5b70cfae
54,2023-10-10 22:28:52.563269,Type.LIMIT_SELL,Status.FILLED,CS1,300,300,100.10000000000001,100.17490000000001,2ce4cc07-fae8-40bc-bab7-21a85dd11567
55,2023-10-10 22:35:33.647586,Type.LIMIT_SELL,Status.FILLED,CS1,300,300,100.44,100.43999999999998,92dc11cf-2849-4be1-84a9-84b66c104365
56,2023-10-10 22:35:34.648705,Type.LIMIT_SELL,Status.FILLED,CS1,300,300,100.22,100.30486666666667,07f58af7-4413-4eec-afa1-afd43328a31e
57,2023-10-10 22:35:35.650181,Type.LIMIT_SELL,Status.FILLED,CS1,300,300,100.15,100.24126666666668,a7987ffa-9229-47fb-b922-9461fbd401d9
58,2023-10-10 22:35:36.651428,Type.LIMIT_SELL,Status.FILLED,CS1,300,300,100.27,100.27333333333334,90835c46-d5a0-476a-9bb6-c759a66f3486
59,2023-10-10 22:35:37.653008,Type.LIMIT_SELL,Status.FILLED,CS1,300,300,100.19,100.19930000000001,08951565-ea2b-44f3-ad39-5849d7989fb6
60,2023-10-10 22:42:18.751695,Type.LIMIT_SELL,Status.FILLED,CS1,300,300,100.11,100.12533333333334,50ed190b-6bae-40f6-a961-809d345fefd5
61,2023-10-10 22:42:19.753514,Type.LIMIT_SELL,Status.FILLED,CS1,300,300,100.05,100.06006666666667,3d3c7c2d-f08d-4735-924d-5a0c5e510948
62,2023-10-10 22:42:20.755050,Type.LIMIT_SELL,Status.FILLED,CS1,300,300,99.99000000000001,100.00563333333334,f7a93524-bfc9-43ef-9acf-57c8f4edf33a
63,2023-10-10 22:42:21.756507,Type.LIMIT_SELL,Status.FILLED,CS1,300,300,99.95,99.97593333333333,bf0bd6e6-cc07-4db3-a52d-68ccde181d48
64,2023-10-10 22:42:22.758105,Type.LIMIT_SELL,Status.FILLED,CS1,300,300,99.89,99.96049999999998,2b109d12-ce7f-4755-9d08-7e8f61f8d648
65,2023-10-10 22:49:03.859715,Type.LIMIT_SELL,Status.FILLED,CS1,300,300,99.94,99.93999999999997,ec6f1f42-6fc0-424c-967e-796078fac76b
66,2023-10-10 22:49:04.861380,Type.LIMIT_SELL,Status.FILLED,CS1,300,300,99.91,99.92133333333335,e38fbe71-c59c-47f5-a71f-4a89fa123446
67,2023-10-10 22:49:05.862190,Type.LIMIT_SELL,Status.FILLED,CS1,300,300,99.89,99.91999999999999,af406543-10bd-422f-b1e5-578b9d220948
68,2023-10-10 22:49:06.863962,Type.LIMIT_SELL,Status.FILLED,CS1,300,300,99.89,99.91069999999999,2b715b24-4c1a-4131-9476-98c96e806bd7
69,2023-10-10 22:49:07.865664,Type.LIMIT_SELL,Status.FILLED,CS1,300,300,99.87,99.90693333333333,fdd3659d-ae17-4770-a95a-07585840e458
70,2023-10-10 22:55:48.967478,Type.LIMIT_SELL,Status.FILLED,CS1,300,300,100.03,100.0318666666667,99727b62-10bb-4d94-be17-07e1b34ea850
71,2023-10-10 22:55:49.968687,Type.LIMIT_SELL,Status.FILLED,CS1,300,300,99.96000000000001,99.99693333333335,c111f563-6ca6-4ba3-8d73-d21b2b0e1c01
72,2023-10-10 22:55:50.970026,Type.LIMIT_SELL,Status.FILLED,CS1,300,300,99.94,99.9891,ef30113c-d89d-40c2-9228-5304567b04d3
73,2023-10-10 22:55:51.971375,Type.LIMIT_SELL,Status.FILLED,CS1,300,300,100.0,100.0,74651aa0-f3a8-4460-8441-f762e5d37d14
74,2023-10-10 22:55:52.973066,Type.LIMIT_SELL,Status.FILLED,CS1,300,300,99.97,99.97743333333332,9c3f9d81-cf43-4847-a8a7-750a6825052b
75,2023-10-10 23:02:34.032567,Type.LIMIT_SELL,Status.FILLED,CS1,300,300,100.05,100.06,6e8d67e1-2127-45a3-bb63-0f6cc200304d
76,2023-10-10 23:02:35.034311,Type.LIMIT_SELL,Status.FILLED,CS1,300,300,100.08,100.08,197e8ffc-ef1e-40a3-ac74-6910c075cdb7
77,2023-10-10 23:02:36.035765,Type.LIMIT_SELL,Status.FILLED,CS1,300,300,100.05,100.06066666666666,6aaa8f3e-b208-467a-b856-485f0b2f3fcd
78,2023-10-10 23:02:37.037512,Type.LIMIT_SELL,Status.FILLED,CS1,300,300,99.97,100.04293333333332,960ab7c5-6fb3-4a6c-b52a-6ef905ff5852
79,2023-10-10 23:02:38.039218,Type.LIMIT_SELL,Status.FILLED,CS1,300,300,100.03,100.03096666666669,55c8ab34-37df-4c6a-9a56-cb3759053a90
80,2023-10-10 23:09:19.139561,Type.LIMIT_SELL,Status.FILLED,CS1,300,300,100.52,100.53786666666669,bd49eba3-bb41-4df3-8a6e-0416c2107de7
81,2023-10-10 23:09:20.141518,Type.LIMIT_SELL,Status.FILLED,CS1,300,300,100.45,100.46219999999998,c3433360-9a49-42d7-9529-31bf40a98ed6
82,2023-10-10 23:09:21.143066,Type.LIMIT_SELL,Status.FILLED,CS1,300,300,100.39,100.39683333333335,6a7d67c2-2cb5-4815-9252-675ff1847106
83,2023-10-10 23:09:22.144714,Type.LIMIT_SELL,Status.FILLED,CS1,300,300,100.32000000000001,100.33516666666661,7dad9a30-fcb2-4a6b-ac5a-249c81e28d4a
84,2023-10-10 23:09:23.146164,Type.LIMIT_SELL,Status.FILLED,CS1,300,300,100.25,100.26756666666665,a87cb9ee-0e71-476f-9cf1-a4ed36cef1a5
85,2023-10-10 23:16:04.219492,Type.LIMIT_SELL,Status.FILLED,CS1,300,300,100.24000000000001,100.37016666666666,2b99daf7-ac05-4d5c-9eb7-033ae834b3a3
86,2023-10-10 23:16:05.221180,Type.LIMIT_SELL,Status.FILLED,CS1,300,300,100.33,100.3603,9d91609c-bef2-4698-9dff-8506e3c53f3f
87,2023-10-10 23:16:06.222660,Type.LIMIT_SELL,Status.FILLED,CS1,300,300,100.27,100.35,cb201b84-8226-408e-8a34-85448d46b33d
88,2023-10-10 23:16:07.224372,Type.LIMIT_SELL,Status.FILLED,CS1,300,300,100.27,100.34313333333336,7338e9a1-6ff1-4028-94d1-3dcbd696a1e0
89,2023-10-10 23:16:08.225498,Type.LIMIT_SELL,Status.FILLED,CS1,300,300,100.36,100.36146666666666,7d2a5282-24f9-4d6e-b896-e44b3d3241ca
90,2023-10-10 23:22:49.327521,Type.LIMIT_SELL,Status.FILLED,CS1,300,300,99.48,100.20066666666666,54c33e65-69fa-4bc7-8df8-2985b8dac1fb
91,2023-10-10 23:22:50.328873,Type.LIMIT_SELL,Status.FILLED,CS1,300,300,99.46000000000001,100.16403333333334,0d4992f9-b19c-4f45-8001-6188345af394
92,2023-10-10 23:22:51.330608,Type.LIMIT_SELL,Status.FILLED,CS1,300,300,99.48,100.12029999999999,535ba3d9-9224-4050-9e57-8af37c55450a
93,2023-10-10 23:22:52.332401,Type.LIMIT_SELL,Status.FILLED,CS1,300,300,98.89,99.99026666666666,eda6896e-7b22-462c-8ea3-c5d1b7b72335
94,2023-10-10 23:22:53.333972,Type.LIMIT_SELL,Status.FILLED,CS1,300,300,99.29,99.54430000000002,b18633c1-6b31-47cb-a94e-db5af75d0a18
95,2023-10-10 23:29:34.358243,Type.LIMIT_SELL,Status.FILLED,CS1,300,300,98.88,99.43276666666667,0731f9da-9a47-4c50-af39-dfbec90c590a
96,2023-10-10 23:29:35.359407,Type.LIMIT_SELL,Status.FILLED,CS1,300,300,99.29,99.4247,90ee2e97-c05e-417e-a8cc-95669c0da1b6
97,2023-10-10 23:29:36.360835,Type.LIMIT_SELL,Status.FILLED,CS1,300,300,98.98,99.35696666666666,0f8e8cb4-d972-4172-8391-f3a47b201541
98,2023-10-10 23:29:37.362346,Type.LIMIT_SELL,Status.FILLED,CS1,300,300,98.52,99.32016666666668,92d87ba0-f364-4b42-8bf5-9d584e54fb4a
99,2023-10-10 23:29:38.364535,Type.LIMIT_SELL,Status.FILLED,CS1,300,300,98.83,99.26086666666667,00eda607-31bd-4479-bdda-83b3138bd04b
100,2023-10-10 23:36:19.440147,Type.LIMIT_SELL,Status.FILLED,CS1,300,300,99.38,99.4524,6c96db60-3d44-435b-be71-17a53347f8a1
101,2023-10-10 23:36:20.441847,Type.LIMIT_SELL,Status.FILLED,CS1,300,300,99.77,99.774,956dff2e-86e6-49b8-a094-f45df2904d5a
102,2023-10-10 23:36:21.443737,Type.LIMIT_SELL,Status.FILLED,CS1,300,300,99.2,99.41913333333335,d4f6bb8c-763c-4661-a3bf-c1a7e4c7bdcb
103,2023-10-10 23:36:22.445588,Type.LIMIT_SELL,Status.FILLED,CS1,300,300,99.7,99.70449999999998,d4e84d0d-f907-4fee-968c-695800d966a2
104,2023-10-10 23:36:23.447140,Type.LIMIT_SELL,Status.FILLED,CS1,300,300,98.83,99.38736666666667,6c58bf00-260d-4d99-82a6-c9587880e36f
105,2023-10-10 23:43:04.543605,Type.LIMIT_SELL,Status.FILLED,CS1,300,300,99.71000000000001,99.74173333333334,aa9b99ed-5d91-4553-8762-d324c9d3abac
106,2023-10-10 23:43:05.545316,Type.LIMIT_SELL,Status.FILLED,CS1,300,300,99.7,99.73089999999999,1f00529d-3060-40e3-91e3-fb0b68403c80
107,2023-10-10 23:43:06.547102,Type.LIMIT_SELL,Status.FILLED,CS1,300,300,99.7,99.72093333333332,9e79ddf2-fe2a-4707-88ff-5c7fe948edec
108,2023-10-10 23:43:07.548846,Type.LIMIT_SELL,Status.FILLED,CS1,300,300,99.61,99.6933,2654c7e5-7a35-438a-a330-9328d7d2bd18
109,2023-10-10 23:43:08.550511,Type.LIMIT_SELL,Status.FILLED,CS1,300,300,99.58,99.60326666666667,32062aac-880d-487a-9ab1-68cb2a4c7cd2
110,2023-10-10 23:49:49.651805,Type.LIMIT_SELL,Status.FILLED,CS1,300,300,99.86,99.87943333333334,3c07d196-2461-4501-9b64-985ac019cb1f
111,2023-10-10 23:49:50.653372,Type.LIMIT_SELL,Status.FILLED,CS1,300,300,99.87,99.87393333333334,e7c624eb-2b83-4bfa-af64-a5a0da5c7bf3
112,2023-10-10 23:49:51.655251,Type.LIMIT_SELL,Status.FILLED,CS1,300,300,99.83,99.87256666666667,84bd2aa1-41a9-43e9-8019-9c554d6e9983
113,2023-10-10 23:49:52.656229,Type.LIMIT_SELL,Status.FILLED,CS1,300,300,99.8,99.8572,175629d1-b267-4719-8315-a7bc040d3378
114,2023-10-10 23:49:53.657786,Type.LIMIT_SELL,Status.FILLED,CS1,300,300,99.85000000000001,99.84999999999998,ea06a519-4933-4aad-9b98-aabf0889f22d
115,2023-10-10 23:56:34.759478,Type.LIMIT_SELL,Status.FILLED,CS1,300,300,99.88,99.92129999999999,b1f84868-74ea-40e7-8be3-38a742ba4dbe
116,2023-10-10 23:56:35.761209,Type.LIMIT_SELL,Status.FILLED,CS1,300,300,99.83,99.89860000000002,6d97a4e0-bc3c-424c-b0c5-da0644f2f270
117,2023-10-10 23:56:36.762829,Type.LIMIT_SELL,Status.FILLED,CS1,300,300,99.85000000000001,99.89206666666668,af970592-f214-4fbd-bb8a-65d45bdf6f18
118,2023-10-10 23:56:37.764621,Type.LIMIT_SELL,Status.FILLED,CS1,300,300,99.87,99.89063333333334,33ce9b2d-90bb-452d-ae7a-e35636e90850
119,2023-10-10 23:56:38.766212,Type.LIMIT_SELL,Status.FILLED,CS1,300,300,99.94,99.94,62ae7c5a-4748-443a-8c41-657505116a72
120,2023-10-11 00:03:19.867393,Type.LIMIT_SELL,Status.FILLED,CS1,300,300,100.01,100.01416666666665,368ea7ea-2780-4d24-849e-43af8506caa5
121,2023-10-11 00:03:20.868879,Type.LIMIT_SELL,Status.FILLED,CS1,300,300,99.97,100.01286666666667,d66f4b91-035d-46c4-a1a1-45c8e6e751a3
122,2023-10-11 00:03:21.870517,Type.LIMIT_SELL,Status.FILLED,CS1,300,300,100.0,100.01313333333334,15d12be4-4206-4342-b7f8-0c9ab83bcd88
123,2023-10-11 00:03:22.871240,Type.LIMIT_SELL,Status.FILLED,CS1,300,300,99.87,99.99673333333332,dcc739bb-dc0e-434b-92a0-3aebde26bb8e
124,2023-10-11 00:03:23.872962,Type.LIMIT_SELL,Status.FILLED,CS1,300,300,99.97,99.99146666666667,f028eed9-860d-4ccf-952a-96d7572a0ebf
125,2023-10-11 00:10:04.971351,Type.LIMIT_SELL,Status.FILLED,CS1,300,300,99.92,100.04646666666666,4cac1b4e-a939-4d9f-98ad-92508a8f7f6b
126,2023-10-11 00:10:05.972948,Type.LIMIT_SELL,Status.FILLED,CS1,300,300,99.97,100.03030000000001,1f5a5a67-5e79-4dfe-ba8d-a0979815d7e2
127,2023-10-11 00:10:06.974095,Type.LIMIT_SELL,Status.FILLED,CS1,300,300,99.89,99.99100000000001,e917a73f-38f9-4176-ba30-3e91294fb20c
128,2023-10-11 00:10:07.975615,Type.LIMIT_SELL,Status.FILLED,CS1,300,300,100.01,100.01,020e8538-b194-4db7-9921-825bc6d936f8
129,2023-10-11 00:10:08.977131,Type.LIMIT_SELL,Status.FILLED,CS1,300,300,99.91,99.9136,a5dac283-1e87-4a40-a41e-68ba6aa94f0d
130,2023-10-11 00:16:50.070099,Type.LIMIT_SELL,Status.FILLED,CS1,300,300,100.13,100.21,10d8b671-7959-438a-9f7f-cd6f71bb35ce
131,2023-10-11 00:16:51.071342,Type.LIMIT_SELL,Status.FILLED,CS1,300,300,100.22,100.22189999999999,e4e3cc3d-ef84-43ed-8e01-ade50495922b
132,2023-10-11 00:16:52.073038,Type.LIMIT_SELL,Status.FILLED,CS1,300,300,100.19,100.21,cb3f0acb-4b31-4e73-888f-8fc5aa927272
133,2023-10-11 00:16:53.074746,Type.LIMIT_SELL,Status.FILLED,CS1,300,300,100.12,100.2,243e9cd8-8bcd-474d-96c3-2d3a059edd58
134,2023-10-11 00:16:54.076861,Type.LIMIT_SELL,Status.FILLED,CS1,300,300,100.13,100.19676666666668,c8b6fb11-3737-4e4c-b1f7-547a7189e36f
135,2023-10-11 00:23:35.141516,Type.LIMIT_SELL,Status.FILLED,CS1,300,300,100.18,100.20563333333334,162d6444-2362-437a-aade-d2e7e8165fb4
136,2023-10-11 00:23:36.143249,Type.LIMIT_SELL,Status.FILLED,CS1,300,300,100.22,100.22439999999997,04138c1b-aba8-4c8a-a221-a632af670e9e
137,2023-10-11 00:23:37.144941,Type.LIMIT_SELL,Status.FILLED,CS1,300,300,100.11,100.19,f1833a74-9d34-473a-8019-b428414e82bc
138,2023-10-11 00:23:38.146495,Type.LIMIT_SELL,Status.FILLED,CS1,300,300,100.11,100.19000000000001,fafafd18-3294-49d3-ad2f-fd8e409952de
139,2023-10-11 00:23:39.147873,Type.LIMIT_SELL,Status.FILLED,CS1,300,300,100.09,100.1808,a1a4463d-9940-4b75-bdd1-763f5bf9015e
140,2023-10-11 00:30:20.241401,Type.LIMIT_SELL,Status.FILLED,CS1,300,300,100.11,100.17066666666666,6171d87f-aa57-4dc8-abc5-279e36178905
141,2023-10-11 00:30:21.243121,Type.LIMIT_SELL,Status.FILLED,CS1,300,300,100.12,100.1572,22e235df-1bbf-44c5-861d-6827efc5fb51
142,2023-10-11 00:30:22.244674,Type.LIMIT_SELL,Status.FILLED,CS1,300,300,100.11,100.12956666666666,24776acf-6fd7-4c52-8345-282408c55bff
143,2023-10-11 00:30:23.246292,Type.LIMIT_SELL,Status.FILLED,CS1,300,300,100.11,100.11000000000001,6e192a43-3106-42a5-b75f-b31618da0a6a
144,2023-10-11 00:30:24.247862,Type.LIMIT_SELL,Status.FILLED,CS1,300,300,100.11,100.10999999999999,b027f900-9eea-4fa3-b320-8d34926e491a
145,2023-10-11 00:37:05.259321,Type.LIMIT_SELL,Status.FILLED,CS1,300,300,100.13,100.2098,62a85d6f-86b9-45fd-8e2d-be5b44e209e6
146,2023-10-11 00:37:06.261114,Type.LIMIT_SELL,Status.FILLED,CS1,300,300,100.16,100.19623333333334,b3e2fa17-8122-426a-babc-c5c956e63133
147,2023-10-11 00:37:07.262869,Type.LIMIT_SELL,Status.FILLED,CS1,300,300,100.17,100.19913333333334,a53bae1d-a321-4ed2-85f9-d8c76f952d7e
148,2023-10-11 00:37:08.264599,Type.LIMIT_SELL,Status.FILLED,CS1,300,300,100.27,100.27000000000001,f1bcd08e-b94d-4679-a3e0-61965fc601b5
149,2023-10-11 00:37:09.266192,Type.LIMIT_SELL,Status.FILLED,CS1,300,300,100.22,100.22033333333331,ec5958d8-02d8-42f2-ac3f-d5cc73888fad
150,2023-10-11 00:43:50.311601,Type.LIMIT_SELL,Status.FILLED,CS1,300,300,100.01,100.10106666666668,dde933f2-cb6c-4fe9-85c6-e7262489f421
151,2023-10-11 00:43:51.313341,Type.LIMIT_SELL,Status.FILLED,CS1,300,300,100.06,100.10016666666665,2429e0a8-567a-4788-a203-a4c874ff654e
152,2023-10-11 00:43:52.314835,Type.LIMIT_SELL,Status.FILLED,CS1,300,300,100.08,100.09226666666667,3f5e017d-c5a3-4cc7-a8d2-8d59dc56d8f4
153,2023-10-11 00:43:53.316668,Type.LIMIT_SELL,Status.FILLED,CS1,300,300,99.96000000000001,100.08049999999999,9e9e7009-d493-41c2-872d-c72a3f028829
154,2023-10-11 00:43:54.318281,Type.LIMIT_SELL,Status.FILLED,CS1,300,300,100.0,100.0195,04abbf10-ba62-4b8d-a1ed-f9e0565f65a6
155,2023-10-11 00:50:35.404963,Type.LIMIT_SELL,Status.FILLED,CS1,300,300,100.03,100.03000000000002,bb7b757c-1279-401d-991d-76df119f47c8
156,2023-10-11 00:50:36.406441,Type.LIMIT_SELL,Status.FILLED,CS1,300,300,100.02,100.02000000000002,fcdf6675-657a-4a78-ba65-f8e115823998
157,2023-10-11 00:50:37.407205,Type.LIMIT_SELL,Status.FILLED,CS1,300,300,99.97,100.00723333333335,129787fd-5df1-4d46-8615-1d35c20a75cd
158,2023-10-11 00:50:38.408638,Type.LIMIT_SELL,Status.FILLED,CS1,300,300,99.98,99.98553333333332,0ac115d4-4eb6-43dd-8d73-e04ad5bc0652
159,2023-10-11 00:50:39.410117,Type.LIMIT_SELL,Status.FILLED,CS1,300,300,99.98,99.98023333333333,5a8aad78-a1b4-446e-a461-f3f426389160
160,2023-10-11 00:57:20.495555,Type.LIMIT_SELL,Status.FILLED,CS1,300,300,99.93,99.98000000000002,b30f8921-04a5-4e91-b24f-1cbcd59ff9b1
161,2023-10-11 00:57:21.497473,Type.LIMIT_SELL,Status.FILLED,CS1,300,300,99.88,99.97649999999999,4c912b25-eff5-45db-a805-c03a07a10dec
162,2023-10-11 00:57:22.499412,Type.LIMIT_SELL,Status.FILLED,CS1,300,300,99.95,99.97073333333334,a06ca71b-9796-4a32-8462-e81c81373079
163,2023-10-11 00:57:23.501165,Type.LIMIT_SELL,Status.FILLED,CS1,300,300,100.02,100.02000000000001,dbb0db65-e81b-4f5c-a373-a339bd036f95
164,2023-10-11 00:57:24.502830,Type.LIMIT_SELL,Status.FILLED,CS1,300,300,99.95,99.97039999999998,6cf26a0c-ee44-4eb4-a29b-ce0bfc1782ea
165,2023-10-11 01:04:05.603865,Type.LIMIT_SELL,Status.FILLED,CS1,300,300,99.86,99.93626666666667,431dda2e-cae5-4fee-9426-7c8a5a93b428
166,2023-10-11 01:04:06.605979,Type.LIMIT_SELL,Status.FILLED,CS1,300,300,99.94,99.94139999999996,6b31290b-b557-4a65-b67a-942ea72210ae
167,2023-10-11 01:04:07.608025,Type.LIMIT_SELL,Status.FILLED,CS1,300,300,99.91,99.92940000000004,9185c4a1-4066-4344-bbf1-aa81589e09eb
168,2023-10-11 01:04:08.609828,Type.LIMIT_SELL,Status.FILLED,CS1,300,300,99.87,99.91093333333333,af1232e5-c8a4-4ce4-a565-1a3c33cec1c0
169,2023-10-11 01:04:09.611303,Type.LIMIT_SELL,Status.FILLED,CS1,300,300,99.92,99.92000000000003,e278766b-4b5d-4b16-bb18-888aa2d50470
170,2023-10-11 01:10:50.713123,Type.LIMIT_SELL,Status.FILLED,CS1,300,300,99.92,99.95703333333334,56b8b3bd-bf7e-4dfc-8a17-2cefd778255d
171,2023-10-11 01:10:51.714833,Type.LIMIT_SELL,Status.FILLED,CS1,300,300,99.92,99.92830000000002,507542be-211b-40b6-add9-b97ff0ecd3f1
172,2023-10-11 01:10:52.716766,Type.LIMIT_SELL,Status.FILLED,CS1,300,300,99.89,99.9062,a393d4c4-97ea-4aac-9957-aad6271db297
173,2023-10-11 01:10:53.718615,Type.LIMIT_SELL,Status.FILLED,CS1,300,300,99.89,99.89303333333334,36239707-d692-4845-9d34-321e95ece5df
174,2023-10-11 01:10:54.719447,Type.LIMIT_SELL,Status.FILLED,CS1,300,300,99.89,99.90290000000002,d1da8cc3-972e-4dec-a273-e4442d511e59
175,2023-10-11 01:17:35.813330,Type.LIMIT_SELL,Status.FILLED,CS1,300,300,99.98,99.98529999999998,f2381bb6-cf71-4661-8706-e89affdd146c
176,2023-10-11 01:17:36.815160,Type.LIMIT_SELL,Status.FILLED,CS1,300,300,99.88,99.94036666666666,7ab3f57a-c15d-48ca-87fa-1475091a4043
177,2023-10-11 01:17:37.817010,Type.LIMIT_SELL,Status.FILLED,CS1,300,300,99.94,99.94246666666668,b1ddfe04-1414-430a-92af-82713c3fd665
178,2023-10-11 01:17:38.818666,Type.LIMIT_SELL,Status.FILLED,CS1,300,300,99.87,99.91756666666667,fae11777-da9c-4b15-ab8e-7456b506cbfd
179,2023-10-11 01:17:39.820430,Type.LIMIT_SELL,Status.FILLED,CS1,300,300,99.9,99.90000000000002,6407328a-5082-404b-b498-2d17bdf92897
180,2023-10-11 01:24:20.916740,Type.LIMIT_SELL,Status.FILLED,CS1,300,300,99.91,99.9598,f5418465-f809-4e93-815a-91cf19c4e66d
181,2023-10-11 01:24:21.918564,Type.LIMIT_SELL,Status.FILLED,CS1,300,300,99.62,99.93436666666668,fecfdd54-de03-4912-8ddf-f250025ef602
182,2023-10-11 01:24:22.919318,Type.LIMIT_SELL,Status.FILLED,CS1,300,300,99.62,99.9168,c2ca87f8-9f2c-4934-8481-5829841dd239
183,2023-10-11 01:24:23.920975,Type.LIMIT_SELL,Status.FILLED,CS1,300,300,99.60000000000001,99.88943333333333,c3ad357c-31c0-4943-bf50-858fb46e8ab0
184,2023-10-11 01:24:24.922607,Type.LIMIT_SELL,Status.FILLED,CS1,300,300,99.18,99.3066666666667,39a05282-15b8-4e1d-b26c-79bb5347bec7
185,2023-10-11 01:31:05.980954,Type.LIMIT_SELL,Status.FILLED,CS1,300,300,99.8,99.80000000000004,dc3f2278-75ae-44ba-ba44-46869a38f3eb
186,2023-10-11 01:31:06.982825,Type.LIMIT_SELL,Status.FILLED,CS1,300,300,99.75,99.77473333333333,d8d7cef4-38b0-4bdf-84c2-5dc46d6d4d95
187,2023-10-11 01:31:07.984657,Type.LIMIT_SELL,Status.FILLED,CS1,300,300,99.75,99.76823333333333,0f91141b-6685-4725-a229-d11f4e93b212
188,2023-10-11 01:31:08.986222,Type.LIMIT_SELL,Status.FILLED,CS1,300,300,99.79,99.79000000000002,a1befeea-ccb9-41ff-b370-06f7f74e365c
189,2023-10-11 01:31:09.987783,Type.LIMIT_SELL,Status.FILLED,CS1,300,300,99.75,99.76666666666667,eff72a77-3079-4689-b5a2-b75908c1af0c
190,2023-10-11 01:37:51.086782,Type.LIMIT_SELL,Status.FILLED,CS1,300,300,99.69,99.71076666666666,7bdf47e5-4e5b-4471-b615-6c195abbc1d6
191,2023-10-11 01:37:52.088368,Type.LIMIT_SELL,Status.FILLED,CS1,300,300,99.65,99.69913333333332,e2eb79ed-27be-45da-a224-1da66ad0902f
192,2023-10-11 01:37:53.089899,Type.LIMIT_SELL,Status.FILLED,CS1,300,300,99.65,99.68903333333334,b32ed8f2-1695-4afc-b24e-89c45654385d
193,2023-10-11 01:37:54.091622,Type.LIMIT_SELL,Status.FILLED,CS1,300,300,99.59,99.66453333333331,8cd38408-950c-4bc6-8a73-0e0ddcb2540b
194,2023-10-11 01:37:55.094253,Type.LIMIT_SELL,Status.FILLED,CS1,300,300,99.52,99.59626666666666,307b55fb-9a84-4032-9482-5840ffd2eaca
195,2023-10-11 01:44:36.196475,Type.LIMIT_SELL,Status.FILLED,CS1,300,300,99.56,99.80723333333334,ce7aa483-ac9f-426c-87cf-cf3e7ffd6c77
196,2023-10-11 01:44:37.198452,Type.LIMIT_SELL,Status.FILLED,CS1,300,300,99.32000000000001,99.78683333333335,eb5eae46-e1a0-4d5e-8f7e-414c6b04978e
197,2023-10-11 01:44:38.199244,Type.LIMIT_SELL,Status.FILLED,CS1,300,300,99.28,99.7629,4067337e-4aec-478c-b0ee-fa17ef8036a3
198,2023-10-11 01:44:39.200806,Type.LIMIT_SELL,Status.FILLED,CS1,300,300,99.33,99.7362,049b0aaf-11b4-48ab-be3c-d6ed63c226dc
199,2023-10-11 01:44:40.202334,Type.LIMIT_SELL,Status.FILLED,CS1,300,300,99.75,99.77680000000001,580d258b-e0d2-404b-b8c0-15bb58167006
200,2023-10-11 01:51:21.303548,Type.LIMIT_SELL,Status.FILLED,CS1,300,300,99.60000000000001,100.10356666666667,bdd1f43f-d94b-495e-9cce-acbfba4e7104
201,2023-10-11 01:51:22.305411,Type.LIMIT_SELL,Status.FILLED,CS1,300,300,100.13,100.14349999999999,bdb7cf83-d7fb-4f6f-9b58-87e94729feb6
202,2023-10-11 01:51:23.307167,Type.LIMIT_SELL,Status.FILLED,CS1,300,300,100.09,100.09389999999998,61c7c5d5-32f1-46d5-b1e8-31b5f49cd432
203,2023-10-11 01:51:24.308845,Type.LIMIT_SELL,Status.FILLED,CS1,300,300,100.05,100.05506666666666,0126d7db-e594-4a80-ba6b-5e169851cc27
204,2023-10-11 01:51:25.310655,Type.LIMIT_SELL,Status.FILLED,CS1,300,300,99.91,99.92949999999998,3f94e410-5927-4aca-97c9-147f147e76ae
205,2023-10-11 01:58:06.411427,Type.LIMIT_SELL,Status.FILLED,CS1,300,300,99.9,99.99666666666667,7d0dadfe-d76f-4ac5-89dc-d8c4329aed0c
206,2023-10-11 01:58:07.413254,Type.LIMIT_SELL,Status.FILLED,CS1,300,300,99.97,99.98946666666666,61845da5-5d2b-46ea-b8aa-dcfd9fa8dce5
207,2023-10-11 01:58:08.415012,Type.LIMIT_SELL,Status.FILLED,CS1,300,300,99.94,99.98053333333333,b731a8e6-6a08-4d15-89bd-1a275ff2386a
208,2023-10-11 01:58:09.416796,Type.LIMIT_SELL,Status.FILLED,CS1,300,300,100.0,100.0026,1c85f403-5cd7-4aab-b48e-99b103bc0e78
209,2023-10-11 01:58:10.418305,Type.LIMIT_SELL,Status.FILLED,CS1,300,300,99.94,99.95776666666667,456d466f-6cab-4df4-af4b-bc2f68415540
210,2023-10-11 02:04:51.515823,Type.LIMIT_SELL,Status.FILLED,CS1,300,300,99.31,99.81216666666666,40ce7038-df32-45d5-ba7c-4f51b35da09f
211,2023-10-11 02:04:52.517589,Type.LIMIT_SELL,Status.FILLED,CS1,300,300,99.13,99.79263333333333,0260b408-7930-493d-80fd-1a262a230d65
212,2023-10-11 02:04:53.518986,Type.LIMIT_SELL,Status.FILLED,CS1,300,300,98.91,99.77243333333332,44e67f26-ed38-4a8a-9eab-f8935597c83d
213,2023-10-11 02:04:54.520634,Type.LIMIT_SELL,Status.FILLED,CS1,300,300,99.25,99.74046666666666,b4009584-d8d1-4321-ba13-e91063588940
214,2023-10-11 02:04:55.522173,Type.LIMIT_SELL,Status.FILLED,CS1,300,300,99.45,99.66566666666665,90a13f64-a801-4be1-91d2-ace4e66747a3
215,2023-10-11 02:11:36.572440,Type.LIMIT_SELL,Status.FILLED,CS1,300,300,100.68,100.71983333333333,a8cd4d1b-46ac-4de5-a465-f73c8642eab4
216,2023-10-11 02:11:37.575130,Type.LIMIT_SELL,Status.FILLED,CS1,300,300,100.66,100.71036666666669,618ec23a-eef6-40b3-a204-aad4dbaf14c5
217,2023-10-11 02:11:38.577014,Type.LIMIT_SELL,Status.FILLED,CS1,300,300,100.64,100.70173333333334,2cc0b059-1bc2-498d-8ccb-f2d146829c60
218,2023-10-11 02:11:39.578771,Type.LIMIT_SELL,Status.FILLED,CS1,300,300,100.63,100.69223333333333,75f5b67f-2e50-4b5e-b338-f7522061b0f3
219,2023-10-11 02:11:40.580529,Type.LIMIT_SELL,Status.FILLED,CS1,300,300,100.60000000000001,100.62979999999999,b52bc974-8171-4e85-95c5-93fb78cc207a
220,2023-10-11 02:18:21.680612,Type.LIMIT_SELL,Status.FILLED,CS1,300,300,100.78,100.7838666666667,228a83cd-9951-4ebd-b45a-2c22a518baca
221,2023-10-11 02:18:22.682354,Type.LIMIT_SELL,Status.FILLED,CS1,300,300,100.71000000000001,100.76,428e086e-0983-49c5-8666-2d17853774a3
222,2023-10-11 02:18:23.683334,Type.LIMIT_SELL,Status.FILLED,CS1,300,300,100.72,100.74306666666668,cda2f8b1-ade0-473a-8f25-3d9d615cb1f8
223,2023-10-11 02:18:24.685006,Type.LIMIT_SELL,Status.FILLED,CS1,300,300,100.73,100.73286666666665,ad4b50cf-8004-41af-9d90-68d64f0dde66
224,2023-10-11 02:18:25.686549,Type.LIMIT_SELL,Status.FILLED,CS1,300,300,100.73,100.72999999999999,8539a443-9005-4cc5-99e0-b4bc066985cb
225,2023-10-11 02:25:06.788638,Type.LIMIT_SELL,Status.FILLED,CS1,300,300,100.9,100.90000000000002,103c809b-5ee7-4404-b466-ea31a3bad138
226,2023-10-11 02:25:07.791117,Type.LIMIT_SELL,Status.FILLED,CS1,300,300,100.86,100.881,e59edfb9-1851-4e5f-83fd-cc444a557d7d
227,2023-10-11 02:25:08.793041,Type.LIMIT_SELL,Status.FILLED,CS1,300,300,100.8,100.86386666666668,e73d9b61-421b-4f6f-b471-132351ca82a4
228,2023-10-11 02:25:09.794640,Type.LIMIT_SELL,Status.FILLED,CS1,300,300,100.8,100.8512,908bbb33-af13-4c19-ab27-43fc4af9eaa5
229,2023-10-11 02:25:10.795299,Type.LIMIT_SELL,Status.FILLED,CS1,300,300,100.84,100.84513333333334,8034d68b-410c-4c40-b085-3a906aee1842
230,2023-10-11 02:31:51.797560,Type.LIMIT_SELL,Status.FILLED,CS1,300,300,100.8,100.80436666666665,fef668f8-afef-4146-8ee7-b8ba41d08f59
231,2023-10-11 02:31:52.799420,Type.LIMIT_SELL,Status.FILLED,CS1,300,300,100.75,100.79230000000003,d3c7c9f2-5fa8-46b1-8750-e49f5705ac50
232,2023-10-11 02:31:53.800983,Type.LIMIT_SELL,Status.FILLED,CS1,300,300,100.8,100.80000000000001,1bc2c5a3-cfc7-4dfe-b076-f902d51b395f
233,2023-10-11 02:31:54.801847,Type.LIMIT_SELL,Status.FILLED,CS1,300,300,100.75,100.75760000000001,a10a3efe-2420-4174-b705-8331475bfc72
234,2023-10-11 02:31:55.803273,Type.LIMIT_SELL,Status.FILLED,CS1,300,300,100.66,100.68053333333332,c5816b22-07ac-41d9-90cd-7230439905a9
235,2023-10-11 02:38:36.904928,Type.LIMIT_SELL,Status.FILLED,CS1,300,300,100.66,100.66520000000001,8b3f3a45-8ca0-4456-ae9c-9958e9ead7c3
236,2023-10-11 02:38:37.906762,Type.LIMIT_SELL,Status.FILLED,CS1,300,300,100.62,100.63086666666665,30f6098b-3e76-43e8-9cd1-df2627b74be6
237,2023-10-11 02:38:38.908318,Type.LIMIT_SELL,Status.FILLED,CS1,300,300,100.56,100.5654,948516ae-61ae-4dd5-85b4-ea966dbc2678
238,2023-10-11 02:38:39.910114,Type.LIMIT_SELL,Status.FILLED,CS1,300,300,100.56,100.56000000000002,5e2ce4b4-f5fb-47bb-94b1-1bbc94b1b140
239,2023-10-11 02:38:40.911838,Type.LIMIT_SELL,Status.FILLED,CS1,300,300,100.56,100.56000000000002,52990e6e-5b8f-4e09-98d0-fa042cc8ebe2
240,2023-10-11 02:45:21.914308,Type.LIMIT_SELL,Status.FILLED,CS1,300,300,100.56,100.56000000000002,79af27ac-d31a-46fa-b917-e484b3cf38b0
241,2023-10-11 02:45:22.916174,Type.LIMIT_SELL,Status.FILLED,CS1,300,300,100.53,100.54023333333332,5b453c10-b79f-4777-a024-e7daaaef0fb0
242,2023-10-11 02:45:23.917837,Type.LIMIT_SELL,Status.FILLED,CS1,300,300,100.52,100.53180000000002,ecd15ebf-d0bf-4420-8bfd-a268d5539aba
243,2023-10-11 02:45:24.919515,Type.LIMIT_SELL,Status.FILLED,CS1,300,300,100.49000000000001,100.52099999999999,7e6db8dd-9de7-45d5-8b5b-eb8a0210a279
244,2023-10-11 02:45:25.921342,Type.LIMIT_SELL,Status.FILLED,CS1,300,300,100.49000000000001,100.50896666666667,a701e885-84c5-4be3-a936-258921e59017
245,2023-10-11 02:52:07.019653,Type.LIMIT_SELL,Status.FILLED,CS1,300,300,100.43,100.46296666666667,d52bbc1c-cd39-49fd-9673-04f04616e366
246,2023-10-11 02:52:08.024318,Type.LIMIT_SELL,Status.FILLED,CS1,300,300,100.49000000000001,100.49,b0cdcb28-8517-4eb6-9ed7-988ad6c92b40
247,2023-10-11 02:52:09.025870,Type.LIMIT_SELL,Status.FILLED,CS1,300,300,100.42,100.4415,a8560fc3-1c1a-490b-b444-34704d25b81b
248,2023-10-11 02:52:10.027302,Type.LIMIT_SELL,Status.FILLED,CS1,300,300,100.42,100.4304,37f7f870-e1cc-469f-a3b4-e0a0e546ce91
249,2023-10-11 02:52:11.029434,Type.LIMIT_SELL,Status.FILLED,CS1,300,300,100.35000000000001,100.42496666666668,7c6b73cc-19fb-4166-9a15-6aa490f65b93
250,2023-10-11 02:58:52.103519,Type.LIMIT_SELL,Status.FILLED,CS1,300,300,100.25,100.25699999999999,64aef294-ef21-4414-8ba9-060f95f92c32
251,2023-10-11 02:58:53.105153,Type.LIMIT_SELL,Status.FILLED,CS1,300,300,100.27,100.2741,30bf85d9-c54c-4d9d-811a-0a7dc60ad969
252,2023-10-11 02:58:54.106795,Type.LIMIT_SELL,Status.FILLED,CS1,300,300,100.31,100.31000000000003,69288448-1158-4872-b54b-1af353edca90
253,2023-10-11 02:58:55.107637,Type.LIMIT_SELL,Status.FILLED,CS1,300,300,100.16,100.2409,12f5dc54-06cd-4e82-af7e-e63c7122d0fc
254,2023-10-11 02:58:56.109073,Type.LIMIT_SELL,Status.FILLED,CS1,300,300,100.16,100.23360000000001,593e2c6d-b8fd-489d-99bc-2f674ec5a2f5
255,2023-10-11 03:05:37.211007,Type.LIMIT_SELL,Status.FILLED,CS1,300,300,100.08,100.08,91d6725f-4b59-4f90-a252-b950ff1d7c0a
256,2023-10-11 03:05:38.212790,Type.LIMIT_SELL,Status.FILLED,CS1,300,300,99.99000000000001,100.06863333333334,66688462-3835-430b-ad22-2c9b422d54e4
257,2023-10-11 03:05:39.214364,Type.LIMIT_SELL,Status.FILLED,CS1,300,300,100.01,100.06000000000002,91490d0f-eccc-43cc-838d-048382241786
258,2023-10-11 03:05:40.216157,Type.LIMIT_SELL,Status.FILLED,CS1,300,300,99.98,100.0524,67bebd4e-3cfe-4ea7-8e78-6222d6fba278
259,2023-10-11 03:05:41.218046,Type.LIMIT_SELL,Status.FILLED,CS1,300,300,99.91,99.92126666666668,98f6e63d-910d-4d3a-bc4a-a43b7ce2d052
260,2023-10-11 03:12:22.320340,Type.LIMIT_SELL,Status.FILLED,CS1,300,300,99.96000000000001,99.96,30bed367-c223-4209-9471-3decff085280
261,2023-10-11 03:12:23.322388,Type.LIMIT_SELL,Status.FILLED,CS1,300,300,99.92,99.93513333333335,563559f6-e2b7-433a-ad29-06f955012a30
262,2023-10-11 03:12:24.324237,Type.LIMIT_SELL,Status.FILLED,CS1,300,300,99.89,99.92253333333333,980aa525-0500-4492-bd66-4a25bda404a8
263,2023-10-11 03:12:25.326196,Type.LIMIT_SELL,Status.FILLED,CS1,300,300,99.91,99.91460000000001,a5230cf0-53bf-4d4f-b60a-2a2f4dd97d5a
264,2023-10-11 03:12:26.327794,Type.LIMIT_SELL,Status.FILLED,CS1,300,300,99.8,99.88373333333334,a9682bbe-ca52-4fcb-9555-27043584d340
265,2023-10-11 03:19:07.427488,Type.LIMIT_SELL,Status.FILLED,CS1,300,300,100.01,100.01000000000002,0695beec-9ad8-4d3e-b3da-7f579194c004
266,2023-10-11 03:19:08.429334,Type.LIMIT_SELL,Status.FILLED,CS1,300,300,99.94,99.94846666666668,0596c24e-d5e0-4442-8e34-1ae460204ee7
267,2023-10-11 03:19:09.431011,Type.LIMIT_SELL,Status.FILLED,CS1,300,300,99.93,99.93000000000005,6eb38fab-7752-424f-a9c0-beb2fa3a0bb8
268,2023-10-11 03:19:10.432790,Type.LIMIT_SELL,Status.FILLED,CS1,300,300,99.89,99.89840000000001,a16a0ef0-dc50-44dc-a405-8352ca75a2ee
269,2023-10-11 03:19:11.434603,Type.LIMIT_SELL,Status.FILLED,CS1,300,300,99.88,99.88643333333333,e57f09ac-f849-48f1-a933-cfb1fa76c098
270,2023-10-11 03:25:52.481974,Type.LIMIT_SELL,Status.FILLED,CS1,300,300,99.86,99.90896666666666,37b63490-c73a-448f-bd6b-420b40f0e4c0
271,2023-10-11 03:25:53.483218,Type.LIMIT_SELL,Status.FILLED,CS1,300,300,99.94,99.94333333333333,cb918e53-463e-400e-ae9a-a066b8691fad
272,2023-10-11 03:25:54.484776,Type.LIMIT_SELL,Status.FILLED,CS1,300,300,99.87,99.891,f03eb376-97b4-424d-a795-3cb8acb82f44
273,2023-10-11 03:25:55.486582,Type.LIMIT_SELL,Status.FILLED,CS1,300,300,99.81,99.88396666666667,641b553d-6be1-4cc4-8167-53a8ffd7019c
274,2023-10-11 03:25:56.487271,Type.LIMIT_SELL,Status.FILLED,CS1,300,300,99.89,99.89410000000001,75d891cb-e52d-4460-9101-e89a78e43b1b
275,2023-10-11 03:32:37.587553,Type.LIMIT_SELL,Status.FILLED,CS1,300,300,99.92,100.0014,ce71b01b-af1b-4908-8845-0152d47ae487
276,2023-10-11 03:32:38.589750,Type.LIMIT_SELL,Status.FILLED,CS1,300,300,99.81,99.99066666666666,fa486481-f137-4775-a7ae-a05084d49e91
277,2023-10-11 03:32:39.591072,Type.LIMIT_SELL,Status.FILLED,CS1,300,300,100.02,100.02816666666666,82a3e0bd-80fb-476b-8d94-1288590b564d
278,2023-10-11 03:32:40.592948,Type.LIMIT_SELL,Status.FILLED,CS1,300,300,99.88,99.9731,bd4501a9-1b2b-4046-959f-1496f2cfdde8
279,2023-10-11 03:32:41.594511,Type.LIMIT_SELL,Status.FILLED,CS1,300,300,99.92,99.9467,4997c4f2-63b3-4903-baa9-540e84376809
280,2023-10-11 03:39:22.695447,Type.LIMIT_SELL,Status.FILLED,CS1,300,300,99.86,99.92543333333333,649b31f7-be2a-4106-8a97-23bdc24aef00
281,2023-10-11 03:39:23.696982,Type.LIMIT_SELL,Status.FILLED,CS1,300,300,99.92,99.92200000000003,452074e5-e784-4882-8567-f22aa3992cea
282,2023-10-11 03:39:24.698800,Type.LIMIT_SELL,Status.FILLED,CS1,300,300,99.85000000000001,99.85949999999998,8599ea6b-0967-4e79-9ea8-54f91f662d16
283,2023-10-11 03:39:25.700473,Type.LIMIT_SELL,Status.FILLED,CS1,300,300,99.85000000000001,99.85,3a069143-b3b6-4b21-92d0-c2ba6bd143db
284,2023-10-11 03:39:26.702021,Type.LIMIT_SELL,Status.FILLED,CS1,300,300,99.85000000000001,99.85,6331e50e-9a89-4396-84dc-d9c73b98a349
285,2023-10-11 03:46:07.799599,Type.LIMIT_SELL,Status.FILLED,CS1,300,300,99.91,99.9142,5cf035cc-ff95-4b21-bc96-70d75acfbc34
286,2023-10-11 03:46:08.801772,Type.LIMIT_SELL,Status.FILLED,CS1,300,300,99.84,99.89,35101f5e-56af-491d-a154-10c338f313df
287,2023-10-11 03:46:09.803372,Type.LIMIT_SELL,Status.FILLED,CS1,300,300,99.84,99.88219999999998,569261c0-a542-4414-aef7-79bf69668350
288,2023-10-11 03:46:10.805627,Type.LIMIT_SELL,Status.FILLED,CS1,300,300,99.8,99.87076666666667,b99ae0e4-ca0c-42a7-8e23-8c3e021755d7
289,2023-10-11 03:46:11.807372,Type.LIMIT_SELL,Status.FILLED,CS1,300,300,99.78,99.84956666666666,44126e52-87c4-4b9e-b588-6a1cb24556ac
290,2023-10-11 03:52:52.907451,Type.LIMIT_SELL,Status.FILLED,CS1,300,300,99.93,100.02896666666668,7fc6d096-bbb0-4d23-9016-c558e04914e9
291,2023-10-11 03:52:53.909273,Type.LIMIT_SELL,Status.FILLED,CS1,300,300,99.92,100.02,23793a28-e48d-4032-a12f-fb5e9a416154
292,2023-10-11 03:52:54.910963,Type.LIMIT_SELL,Status.FILLED,CS1,300,300,99.87,100.01063333333335,9c216d68-fc9d-4dc1-9414-f80110b5789f
293,2023-10-11 03:52:55.912649,Type.LIMIT_SELL,Status.FILLED,CS1,300,300,99.84,99.99176666666668,ba4fdff2-78e6-48df-83e4-251994aa986e
294,2023-10-11 03:52:56.913229,Type.LIMIT_SELL,Status.FILLED,CS1,300,300,100.03,100.03090000000002,271e8e83-e2cd-47d4-bc2c-abba0c11bd4c
295,2023-10-11 03:59:37.997607,Type.LIMIT_SELL,Status.FILLED,CS1,300,300,99.66,99.90999999999998,7ac6da07-ff9e-4594-9259-4960eee908ee
296,2023-10-11 03:59:38.999733,Type.LIMIT_SELL,Status.FILLED,CS1,300,300,99.78,99.90953333333336,44a64874-aecf-4091-86c1-50e3ae463d6e
297,2023-10-11 03:59:40.001369,Type.LIMIT_SELL,Status.FILLED,CS1,300,300,99.72,99.89693333333334,1fa25e68-54a5-4ea5-9c7d-a2a466904fa6
298,2023-10-11 03:59:41.003052,Type.LIMIT_SELL,Status.FILLED,CS1,300,300,99.72,99.89046666666668,13249868-c5cc-4c1d-ab44-64bfff351fa8
299,2023-10-11 03:59:42.004859,Type.LIMIT_SELL,Status.FILLED,CS1,300,300,99.72,99.87689999999999,25263317-1f77-4de0-a344-ffd97e0634e9
300,2023-10-11 04:06:23.103502,Type.LIMIT_SELL,Status.FILLED,CS1,300,300,99.9,99.9231,6dce4e6c-9c36-40ac-ad4b-317356613fed
301,2023-10-11 04:06:24.105261,Type.LIMIT_SELL,Status.FILLED,CS1,300,300,99.91,99.92656666666666,e2f7bbcc-5284-4f6c-8fa7-7eff960fb9e8
302,2023-10-11 04:06:25.107090,Type.LIMIT_SELL,Status.FILLED,CS1,300,300,99.88,99.91396666666667,d3cd1922-6632-43d6-a0dd-668629b16b5e
303,2023-10-11 04:06:26.108087,Type.LIMIT_SELL,Status.FILLED,CS1,300,300,99.92,99.92243333333333,b8edfe61-4f69-4ae1-9119-1b2b59038552
304,2023-10-11 04:06:27.109510,Type.LIMIT_SELL,Status.FILLED,CS1,300,300,99.89,99.9016,e7a3433f-74fc-419b-b3ec-5972a99e9e4d
305,2023-10-11 04:13:08.131178,Type.LIMIT_SELL,Status.FILLED,CS1,300,300,99.66,99.75106666666666,df6b9c10-59cf-4072-a343-af6fc45c517b
306,2023-10-11 04:13:09.134862,Type.LIMIT_SELL,Status.FILLED,CS1,300,300,99.31,99.6482,eb62e526-eac8-4645-a882-bea1a1b10ebf
307,2023-10-11 04:13:10.136552,Type.LIMIT_SELL,Status.FILLED,CS1,300,300,99.47,99.63386666666668,c9e82169-1413-415b-894b-e35114207815
308,2023-10-11 04:13:11.138418,Type.LIMIT_SELL,Status.FILLED,CS1,300,300,99.51,99.60153333333334,a385f031-fee9-4833-b919-9eb88fa3ddc4
309,2023-10-11 04:13:12.140053,Type.LIMIT_SELL,Status.FILLED,CS1,300,300,99.61,99.62473333333334,d409795b-c293-4997-af3f-782428360a3c
310,2023-10-11 04:19:53.242050,Type.LIMIT_SELL,Status.FILLED,CS1,300,300,99.59,99.67673333333333,59dd2099-8937-41b9-bb6a-9d1ad1e4c7bc
311,2023-10-11 04:19:54.244021,Type.LIMIT_SELL,Status.FILLED,CS1,300,300,99.58,99.65170000000002,71de0536-a484-4925-b81b-9ae549d32a6a
312,2023-10-11 04:19:55.245666,Type.LIMIT_SELL,Status.FILLED,CS1,300,300,99.69,99.68999999999996,7fed4703-14f7-44c3-a377-6c492b24e5e5
313,2023-10-11 04:19:56.247343,Type.LIMIT_SELL,Status.FILLED,CS1,300,300,99.55,99.64786666666666,624ac8a5-8e12-4b87-95b8-f3f62d4086d3
314,2023-10-11 04:19:57.248895,Type.LIMIT_SELL,Status.FILLED,CS1,300,300,99.68,99.68000000000004,94ecda38-50b4-4665-bf29-1ff59b3f86fc
315,2023-10-11 04:26:38.347238,Type.LIMIT_SELL,Status.FILLED,CS1,300,300,99.81,99.81176666666667,daf638c4-454e-412d-8983-ece4e6c0b567
316,2023-10-11 04:26:39.349260,Type.LIMIT_SELL,Status.FILLED,CS1,300,300,99.79,99.79000000000003,7a17f2bc-21b9-454d-bacc-43ded5b5bbeb
317,2023-10-11 04:26:40.350927,Type.LIMIT_SELL,Status.FILLED,CS1,300,300,99.78,99.78000000000003,57967877-b8b4-4ccd-97c5-e2e80902a729
318,2023-10-11 04:26:41.352953,Type.LIMIT_SELL,Status.FILLED,CS1,300,300,99.74000000000001,99.76653333333333,018d0daa-5649-4391-a4a3-8e0b3fc253fa
319,2023-10-11 04:26:42.354483,Type.LIMIT_SELL,Status.FILLED,CS1,300,300,99.75,99.7536,28125e32-b64f-4940-84c1-60eba6f66b3b
320,2023-10-11 04:33:23.360407,Type.LIMIT_SELL,Status.FILLED,CS1,300,300,99.81,99.81000000000002,0fcc7e9b-5329-4f8e-b85d-ed5e98be9607
321,2023-10-11 04:33:24.362255,Type.LIMIT_SELL,Status.FILLED,CS1,300,300,99.78,99.7808,f10b6e32-a069-4ba6-8c7b-ff51ded7f736
322,2023-10-11 04:33:25.363598,Type.LIMIT_SELL,Status.FILLED,CS1,300,300,99.72,99.72113333333333,6cff9ee0-b991-41bd-9f18-131db969dc98
323,2023-10-11 04:33:26.365446,Type.LIMIT_SELL,Status.FILLED,CS1,300,300,99.67,99.69136666666667,ca838f9b-0c9d-495b-88cd-89fae95fc837
324,2023-10-11 04:33:27.367099,Type.LIMIT_SELL,Status.FILLED,CS1,300,300,99.69,99.69269999999997,07483269-ca37-4771-940a-c2f45070173f
325,2023-10-11 04:40:08.400683,Type.LIMIT_SELL,Status.FILLED,CS1,300,300,99.51,99.75133333333333,d0834541-779b-47a9-be9b-d5613c7a4afb
326,2023-10-11 04:40:09.402524,Type.LIMIT_SELL,Status.FILLED,CS1,300,300,99.58,99.74639999999998,d115185e-7406-4601-827f-ff25028595a6
327,2023-10-11 04:40:10.404211,Type.LIMIT_SELL,Status.FILLED,CS1,300,300,99.61,99.74,fa1e297c-dc23-49e2-88bb-ffdf0c48b732
328,2023-10-11 04:40:11.405779,Type.LIMIT_SELL,Status.FILLED,CS1,300,300,99.59,99.73643333333334,209fb845-9c90-4509-9e82-78d62d9f7f7d
329,2023-10-11 04:40:12.407358,Type.LIMIT_SELL,Status.FILLED,CS1,300,300,99.41,99.71606666666666,641168c3-acd0-4a5c-8785-c26211ce9fd1
330,2023-10-11 04:46:53.476638,Type.LIMIT_SELL,Status.FILLED,CS1,300,300,99.73,99.7362,164dbbd7-2339-4a07-8a45-de6467c3bb1b
331,2023-10-11 04:46:54.478225,Type.LIMIT_SELL,Status.FILLED,CS1,300,300,99.84,99.83999999999997,968eb6c3-5ed9-4ce4-9fea-05bc47b808f6
332,2023-10-11 04:46:55.479265,Type.LIMIT_SELL,Status.FILLED,CS1,300,300,99.61,99.74719999999999,2639f214-d748-4ce5-9071-ccd16bfbe580
333,2023-10-11 04:46:56.480385,Type.LIMIT_SELL,Status.FILLED,CS1,300,300,99.72,99.72493333333333,d307b511-eb07-44ab-9dd9-8d499ec7cda9
334,2023-10-11 04:46:57.481788,Type.LIMIT_SELL,Status.FILLED,CS1,300,300,99.77,99.77000000000001,16073331-bc29-497a-943a-db75d548f360
335,2023-10-11 04:53:38.544611,Type.LIMIT_SELL,Status.FILLED,CS1,300,300,99.69,99.752,9de7187f-0e91-4de6-b824-dfbde86c05e5
336,2023-10-11 04:53:39.547021,Type.LIMIT_SELL,Status.FILLED,CS1,300,300,99.68,99.75183333333334,79f328ce-3d54-4291-bb62-b0b384d1abfa
337,2023-10-11 04:53:40.548440,Type.LIMIT_SELL,Status.FILLED,CS1,300,300,99.67,99.74530000000001,f5782d70-c889-4fa2-a8b5-f1820b0afada
338,2023-10-11 04:53:41.551937,Type.LIMIT_SELL,Status.FILLED,CS1,300,300,99.76,99.76856666666667,1d7a5f94-c2b7-4d04-8fcb-8652a99ca7ed
339,2023-10-11 04:53:42.553415,Type.LIMIT_SELL,Status.FILLED,CS1,300,300,99.75,99.75,f8c887d2-14f8-49c1-8878-66653122ff8a
340,2023-10-11 05:00:23.603325,Type.LIMIT_SELL,Status.FILLED,CS1,300,300,99.83,99.85336666666667,c9e888f7-b00f-4436-bd98-75338774f214
341,2023-10-11 05:00:24.605263,Type.LIMIT_SELL,Status.FILLED,CS1,300,300,99.74000000000001,99.84156666666668,cfeaa437-0c34-4680-8ba0-2e86f4bf1905
342,2023-10-11 05:00:25.606950,Type.LIMIT_SELL,Status.FILLED,CS1,300,300,99.84,99.84416666666667,932eca99-ed11-4c2f-b22d-d083e1120867
343,2023-10-11 05:00:26.607708,Type.LIMIT_SELL,Status.FILLED,CS1,300,300,99.8,99.82363333333333,62e88cf9-4178-4fc1-8cbe-20a5caff4201
344,2023-10-11 05:00:27.609400,Type.LIMIT_SELL,Status.FILLED,CS1,300,300,99.78,99.79336666666669,7bc30c66-ec58-4063-8040-5ac561b568fe
345,2023-10-11 05:07:08.703433,Type.LIMIT_SELL,Status.FILLED,CS1,300,300,99.76,99.83179999999997,651c0026-0d6c-48bd-83c7-15fdf1fabd5e
346,2023-10-11 05:07:09.705431,Type.LIMIT_SELL,Status.FILLED,CS1,300,300,99.85000000000001,99.85133333333334,5784cd21-4148-4620-855d-ed6c1664e8e7
347,2023-10-11 05:07:10.706988,Type.LIMIT_SELL,Status.FILLED,CS1,300,300,99.9,99.90000000000002,379dadcd-a14d-4439-8383-7027cc386d26
348,2023-10-11 05:07:11.708429,Type.LIMIT_SELL,Status.FILLED,CS1,300,300,99.81,99.81100000000005,809c1dba-3a67-4047-8aff-70bd2595b977
349,2023-10-11 05:07:12.709950,Type.LIMIT_SELL,Status.FILLED,CS1,300,300,99.78,99.78826666666667,224db7e9-c088-4617-b5d6-1a596cfd9dd9
350,2023-10-11 05:13:53.805091,Type.LIMIT_SELL,Status.FILLED,CS1,300,300,100.09,100.08999999999999,45bfa2ce-8a2d-4ba4-941e-3cb1853f4529
351,2023-10-11 05:13:54.806766,Type.LIMIT_SELL,Status.FILLED,CS1,300,300,100.05,100.08000000000001,064cf8ab-6854-4a8d-9a73-e7137a32fc66
352,2023-10-11 05:13:55.808469,Type.LIMIT_SELL,Status.FILLED,CS1,300,300,100.05,100.07306666666665,a6fd4c3b-ebd3-4443-baef-c2b9a580c1ca
353,2023-10-11 05:13:56.810259,Type.LIMIT_SELL,Status.FILLED,CS1,300,300,99.98,100.05956666666667,3550b019-c55a-4e75-bb29-d2bcc5ffed45
354,2023-10-11 05:13:57.811249,Type.LIMIT_SELL,Status.FILLED,CS1,300,300,99.92,100.04443333333333,7e931597-c53c-4b45-ba29-5d807c4fef85
355,2023-10-11 05:20:38.908584,Type.LIMIT_SELL,Status.FILLED,CS1,300,300,100.03,100.1776,dd41ee87-b4d3-4d22-a204-a67a55dcb223
356,2023-10-11 05:20:39.910568,Type.LIMIT_SELL,Status.FILLED,CS1,300,300,99.96000000000001,100.14976666666668,cde6204d-fe9b-478b-87a1-060bd328458a
357,2023-10-11 05:20:40.912856,Type.LIMIT_SELL,Status.FILLED,CS1,300,300,99.98,100.11883333333333,073738fe-4b91-48b2-93a1-028f78800230
358,2023-10-11 05:20:41.914454,Type.LIMIT_SELL,Status.FILLED,CS1,300,300,100.10000000000001,100.10723333333334,849f42aa-9416-438d-b8c5-c20b1edd5cb8
359,2023-10-11 05:20:42.916044,Type.LIMIT_SELL,Status.FILLED,CS1,300,300,100.06,100.06790000000001,2a996bcb-343b-4c59-ab56-9ee49a813760
360,2023-10-11 05:27:24.007533,Type.LIMIT_SELL,Status.FILLED,CS1,300,300,100.23,100.22999999999999,4b875682-c8d3-465a-aff1-998e0ca1d8a0
361,2023-10-11 05:27:25.008929,Type.LIMIT_SELL,Status.FILLED,CS1,300,300,100.22,100.21999999999997,3969c3a2-d204-4421-ac75-d037fa70d2b5
362,2023-10-11 05:27:26.010607,Type.LIMIT_SELL,Status.FILLED,CS1,300,300,100.10000000000001,100.17353333333334,2bb2ee72-45d1-4070-981b-fd2e3bb8d834
363,2023-10-11 05:27:27.011352,Type.LIMIT_SELL,Status.FILLED,CS1,300,300,100.13,100.15443333333333,fd6b93de-b0fa-41f8-81c5-ed666e4a22bc
364,2023-10-11 05:27:28.012814,Type.LIMIT_SELL,Status.FILLED,CS1,300,300,100.09,100.09,08671519-0b9f-4244-8024-b8d4721c92c5
365,2023-10-11 05:34:09.091317,Type.LIMIT_SELL,Status.FILLED,CS1,300,300,100.22,100.26336666666667,f26b9803-b2c0-4d90-8e2a-892af21b2da1
366,2023-10-11 05:34:10.093520,Type.LIMIT_SELL,Status.FILLED,CS1,300,300,100.17,100.25760000000001,47e4d369-06a2-4d22-95d6-65ae524e7e41
367,2023-10-11 05:34:11.095112,Type.LIMIT_SELL,Status.FILLED,CS1,300,300,100.25,100.25186666666666,55cf0faa-3de3-40b0-84aa-608f8d1785a5
368,2023-10-11 05:34:12.096694,Type.LIMIT_SELL,Status.FILLED,CS1,300,300,100.23,100.23723333333334,53a70875-2634-45f8-9265-3f397b23e618
369,2023-10-11 05:34:13.098307,Type.LIMIT_SELL,Status.FILLED,CS1,300,300,100.23,100.2331,cba0861f-3a80-4137-8cad-a1ec2443ff51
370,2023-10-11 05:40:54.183339,Type.LIMIT_SELL,Status.FILLED,CS1,300,300,100.10000000000001,100.1721,0f8663ad-d066-4c5a-a097-ca4c2b36a8df
371,2023-10-11 05:40:55.185293,Type.LIMIT_SELL,Status.FILLED,CS1,300,300,100.09,100.16369999999999,19c7455d-0f08-4c76-997f-6c32abfa86ca
372,2023-10-11 05:40:56.186863,Type.LIMIT_SELL,Status.FILLED,CS1,300,300,100.16,100.16000000000001,fc702437-4c15-4e2e-96c3-d040c05a751f
373,2023-10-11 05:40:57.188426,Type.LIMIT_SELL,Status.FILLED,CS1,300,300,100.12,100.13733333333333,b4f963d9-9a90-433f-b4b3-51ffab6ddc39
374,2023-10-11 05:40:58.189985,Type.LIMIT_SELL,Status.FILLED,CS1,300,300,99.98,100.01906666666666,add53dc7-011a-4941-bf11-b37ff8224698
375,2023-10-11 05:47:39.291277,Type.LIMIT_SELL,Status.FILLED,CS1,300,300,100.23,100.23766666666667,3f3c9a9b-a6a5-41df-b177-586d2d2c2cda
376,2023-10-11 05:47:40.293011,Type.LIMIT_SELL,Status.FILLED,CS1,300,300,100.02,100.1571,b78f6dc2-4209-47d7-9947-2e0a0c44a256
377,2023-10-11 05:47:41.294695,Type.LIMIT_SELL,Status.FILLED,CS1,300,300,100.10000000000001,100.1268,7f904460-fc0a-4fcd-a51f-18bfbffc2c71
378,2023-10-11 05:47:42.296382,Type.LIMIT_SELL,Status.FILLED,CS1,300,300,100.08,100.11243333333336,bea48c05-6947-47b4-b60e-b848423f3dbb
379,2023-10-11 05:47:43.297866,Type.LIMIT_SELL,Status.FILLED,CS1,300,300,100.14,100.14000000000003,8b08e401-d79e-4623-8066-58558ab24a2c
380,2023-10-11 05:54:24.400054,Type.LIMIT_SELL,Status.FILLED,CS1,300,300,99.98,100.09359999999998,cfe1c1b6-90f2-405c-bc61-8090eb285534
381,2023-10-11 05:54:25.401930,Type.LIMIT_SELL,Status.FILLED,CS1,300,300,100.02,100.0818,f4de039a-2ff6-4008-b8e3-ae820fa62ce5
382,2023-10-11 05:54:26.403545,Type.LIMIT_SELL,Status.FILLED,CS1,300,300,99.97,100.05309999999999,02a231fd-0c82-4b66-9486-609079de5974
383,2023-10-11 05:54:27.405059,Type.LIMIT_SELL,Status.FILLED,CS1,300,300,99.92,99.93640000000003,f16d0416-82dc-4644-8d3c-c359f8baf2c5
384,2023-10-11 05:54:28.406860,Type.LIMIT_SELL,Status.FILLED,CS1,300,300,99.85000000000001,99.85546666666666,84b1a3e2-d5c7-44b9-9eb0-023206eb91aa
385,2023-10-11 06:01:09.507281,Type.LIMIT_SELL,Status.FILLED,CS1,300,300,99.52,99.8569,a69616b1-7945-44e8-a8fe-1e8cf0ba73e6
386,2023-10-11 06:01:10.509203,Type.LIMIT_SELL,Status.FILLED,CS1,300,300,99.89,99.90236666666667,2653830e-60f4-45c5-9a49-f9b2c223b1aa
387,2023-10-11 06:01:11.510816,Type.LIMIT_SELL,Status.FILLED,CS1,300,300,99.75,99.84413333333333,c761b8f9-6e1c-4e50-bf37-36b6a6df68cb
388,2023-10-11 06:01:12.512375,Type.LIMIT_SELL,Status.FILLED,CS1,300,300,99.8,99.84460000000001,b542c644-24c5-4eb7-94c5-16980d520dd2
389,2023-10-11 06:01:13.514176,Type.LIMIT_SELL,Status.FILLED,CS1,300,300,99.66,99.83,4e4e905a-ce32-4632-ab38-a9028f9e3895
390,2023-10-11 06:07:54.617752,Type.LIMIT_SELL,Status.FILLED,CS1,300,300,99.8,99.86623333333331,c1eceb76-c055-4e2d-ae58-e64cf1494f4a
391,2023-10-11 06:07:55.619274,Type.LIMIT_SELL,Status.FILLED,CS1,300,300,99.83,99.8438,22eaff43-ec95-4794-b96d-f9adf88f16f8
392,2023-10-11 06:07:56.620298,Type.LIMIT_SELL,Status.FILLED,CS1,300,300,99.81,99.83646666666665,6f4b8c87-91ff-4f7a-ba60-32ac3ead06ac
393,2023-10-11 06:07:57.621774,Type.LIMIT_SELL,Status.FILLED,CS1,300,300,99.83,99.83289999999997,0eb0192c-3575-4f8e-8496-347546163cde
394,2023-10-11 06:07:58.623451,Type.LIMIT_SELL,Status.FILLED,CS1,300,300,99.8,99.80653333333335,75f9b0cb-2cec-44d7-8107-5231a50076f7
395,2023-10-11 06:14:39.643523,Type.LIMIT_SELL,Status.FILLED,CS1,300,300,99.87,99.87483333333333,959950a6-281b-4389-bc82-ba542aff3400
396,2023-10-11 06:14:40.645743,Type.LIMIT_SELL,Status.FILLED,CS1,300,300,99.66,99.8027,e72ce0f8-829a-4b4f-9cb8-3c73210c2d30
397,2023-10-11 06:14:41.647829,Type.LIMIT_SELL,Status.FILLED,CS1,300,300,99.62,99.7921,9eb45843-d937-4262-a30e-d69477cda665
398,2023-10-11 06:14:42.649599,Type.LIMIT_SELL,Status.FILLED,CS1,300,300,99.77,99.77966666666667,e44b50c5-9122-4ae5-9dca-5c3827b507a5
399,2023-10-11 06:14:43.651315,Type.LIMIT_SELL,Status.FILLED,CS1,300,300,99.82000000000001,99.82533333333333,b81433ed-0894-48f5-8702-e6c8747e7d6c
400,2023-10-11 06:21:24.750992,Type.LIMIT_SELL,Status.FILLED,CS1,300,300,99.35000000000001,99.70376666666668,df1f9be1-4452-4d0f-b4c8-93f6357a7bf9
401,2023-10-11 06:21:25.752552,Type.LIMIT_SELL,Status.FILLED,CS1,300,300,99.46000000000001,99.58579999999998,c28f8790-f700-406f-aaec-9c6527a04d28
402,2023-10-11 06:21:26.754376,Type.LIMIT_SELL,Status.FILLED,CS1,300,300,99.3,99.53253333333333,7fe065c6-fbb6-4989-8bb3-c62771bd921c
403,2023-10-11 06:21:27.755503,Type.LIMIT_SELL,Status.FILLED,CS1,300,300,98.93,99.41316666666667,feaf4535-77b8-419f-ac4c-1d6aea443fb1
404,2023-10-11 06:21:28.757104,Type.LIMIT_SELL,Status.FILLED,CS1,300,300,99.17,99.19086666666668,b5404469-9680-47ef-a0a9-f4db742f87f3
405,2023-10-11 06:28:09.856455,Type.LIMIT_SELL,Status.FILLED,CS1,300,300,102.95,102.95000000000003,400e46aa-27cc-46e6-a180-ee954bab25fe
406,2023-10-11 06:28:10.858661,Type.LIMIT_SELL,Status.FILLED,CS1,300,300,102.13,102.82113333333332,9d2fe75f-6320-4fe2-9e41-e648ba980805
407,2023-10-11 06:28:11.859254,Type.LIMIT_SELL,Status.FILLED,CS1,300,300,101.96000000000001,102.7261,54cf3b60-439b-4fc7-ae7b-7c26d14f5b66
408,2023-10-11 06:28:12.861001,Type.LIMIT_SELL,Status.FILLED,CS1,300,300,102.39,102.57016666666665,82928fd1-21d0-432a-ba49-a6d20e6e3794
409,2023-10-11 06:28:13.862560,Type.LIMIT_SELL,Status.FILLED,CS1,300,300,102.39,102.39,eb7b2b76-9c08-4a56-a5b8-e39c64ea8656
410,2023-10-11 06:34:54.963590,Type.LIMIT_SELL,Status.FILLED,CS1,300,300,103.74000000000001,104.12376666666667,ddf6a555-ab1c-4239-93c4-5e8d21ea2503
411,2023-10-11 06:34:55.965796,Type.LIMIT_SELL,Status.FILLED,CS1,300,300,103.71000000000001,104.01439999999998,6f82e399-e66f-4ac9-8e6d-48d586ecd215
412,2023-10-11 06:34:56.967366,Type.LIMIT_SELL,Status.FILLED,CS1,300,300,102.86,103.91106666666667,ee0a785b-a9d2-47a6-bf57-d91fe400a06b
413,2023-10-11 06:34:57.969092,Type.LIMIT_SELL,Status.FILLED,CS1,300,300,103.07000000000001,103.83373333333333,afbd036c-51e2-4f75-b7d9-7548ff981589
414,2023-10-11 06:34:58.970630,Type.LIMIT_SELL,Status.FILLED,CS1,300,300,102.17,102.4297666666667,f7513e7d-ed99-4a68-a86a-c433e62f216f
415,2023-10-11 06:41:40.075358,Type.LIMIT_SELL,Status.FILLED,CS1,300,300,103.8,103.82636666666664,5ad6ce18-b54b-4b70-8929-672927cf1244
416,2023-10-11 06:41:41.077442,Type.LIMIT_SELL,Status.FILLED,CS1,300,300,103.76,103.78733333333332,16d47c71-1b7d-47d1-bd6d-e63aa20f2c2c
417,2023-10-11 06:41:42.078952,Type.LIMIT_SELL,Status.FILLED,CS1,300,300,103.7,103.76793333333332,c7ad6a84-5e5e-4e56-a108-753b70ec5551
418,2023-10-11 06:41:43.080776,Type.LIMIT_SELL,Status.FILLED,CS1,300,300,103.84,103.84313333333334,889cc060-e44a-456d-a3d9-ee56d7df4d4f
419,2023-10-11 06:41:44.082423,Type.LIMIT_SELL,Status.FILLED,CS1,300,300,103.77,103.78063333333334,0a8647e7-a499-4d12-ba68-b97838f443fc
420,2023-10-11 06:48:25.183578,Type.LIMIT_SELL,Status.FILLED,CS1,300,300,103.72,103.74966666666667,a10e871c-bf2d-4d41-91de-f856c7deb633
421,2023-10-11 06:48:26.185922,Type.LIMIT_SELL,Status.FILLED,CS1,300,300,103.65,103.74109999999997,2abf0c9c-29cb-493a-8d0a-a5dfa2b94d81
422,2023-10-11 06:48:27.187929,Type.LIMIT_SELL,Status.FILLED,CS1,300,300,103.66,103.73233333333333,86036eb3-2c7f-4358-bd8d-e6b05ec86da6
423,2023-10-11 06:48:28.189739,Type.LIMIT_SELL,Status.FILLED,CS1,300,300,103.63,103.72439999999999,6bab6bbc-5c02-43a3-8f89-8849378e15d1
424,2023-10-11 06:48:29.191651,Type.LIMIT_SELL,Status.FILLED,CS1,300,300,103.66,103.71709999999999,3b28ed8f-ca93-44d3-9b2e-38580e78f848
425,2023-10-11 06:55:10.292889,Type.LIMIT_SELL,Status.FILLED,CS1,300,300,103.83,103.83,13dc06c1-903d-4a9c-ad84-6556f6d9183d
426,2023-10-11 06:55:11.295148,Type.LIMIT_SELL,Status.FILLED,CS1,300,300,103.8,103.80746666666664,c16bc5d2-88de-4f6b-b792-1bf6fd323c64
427,2023-10-11 06:55:12.296807,Type.LIMIT_SELL,Status.FILLED,CS1,300,300,103.8,103.8041333333333,83e344f0-f20a-4de2-943a-ae6aec6e41e9
428,2023-10-11 06:55:13.298561,Type.LIMIT_SELL,Status.FILLED,CS1,300,300,103.77,103.78310000000002,f8045302-3580-4df9-b4b1-eb6d95c9ffff
429,2023-10-11 06:55:14.299449,Type.LIMIT_SELL,Status.FILLED,CS1,300,300,103.77,103.7724,87dd9e6e-2dac-476f-a658-dfbcfa307d73
430,2023-10-11 07:01:55.374756,Type.LIMIT_SELL,Status.FILLED,CS1,300,300,103.02,103.61346666666667,6e593a7d-9a24-43e5-8c61-773b4152239a
431,2023-10-11 07:01:56.377119,Type.LIMIT_SELL,Status.FILLED,CS1,300,300,103.79,103.79113333333333,ca138d01-f3e4-47a4-a2f3-7719b917c427
432,2023-10-11 07:01:57.378687,Type.LIMIT_SELL,Status.FILLED,CS1,300,300,102.53,103.4067,499f1b23-6fc4-42e0-891b-dd1f650b22b3
433,2023-10-11 07:01:58.380232,Type.LIMIT_SELL,Status.FILLED,CS1,300,300,102.93,103.35433333333333,2a9f2ae6-49a6-4346-8c86-d18dd64ffdb1
434,2023-10-11 07:01:59.381943,Type.LIMIT_SELL,Status.FILLED,CS1,300,300,103.21000000000001,103.31323333333333,86de4318-14a6-425c-b09f-0a63066a26e3
435,2023-10-11 07:08:40.484086,Type.LIMIT_SELL,Status.PARTIALLY_FILLED,CS1,300,133,103.73,103.73,548726b5-99bf-4bcb-8fa3-cd1ed06c0ca5
436,2023-10-11 07:08:41.486191,Type.LIMIT_SELL,Status.FILLED,CS1,300,300,103.62,103.69120000000001,892c5cca-60d8-4936-aad0-d3b86d5fec9f
437,2023-10-11 07:08:42.487669,Type.LIMIT_SELL,Status.FILLED,CS1,300,300,103.69,103.6937,cf9a207e-90f7-4f2e-8940-a5a18b3bdf39
438,2023-10-11 07:08:43.489718,Type.LIMIT_SELL,Status.FILLED,CS1,300,300,103.66,103.68000000000002,18606afe-0783-4150-9083-e94419ea7ad3
439,2023-10-11 07:08:44.491617,Type.LIMIT_SELL,Status.FILLED,CS1,300,300,103.66,103.6699,7f8ba411-2959-4906-b1ed-e1a835f1f53a
